question,key1,key2,key3,symptom,answers,doctor,combined_text
สวัสดีค่ะ อยากจะปรึกษาค่ะในช่วง2-3วันที่ผ่านมามีความรู้สึกดาวน์มากๆ รู้สึกเบื่อ ไม่อยากทำอะไร ไม่อยากเจอใคร ใครพูดอะไรก็หงุดหงิดไปหมด บางครั้งอยู่ดีๆก็รู้สึกแย่จนร้องไห้ก็มี นอนไม่หลับด้วยค่ะ กว่าจะหลับใช้เวลานานมาก มาวันนี้ไม่รู้สึกดาวน์แล้วค่ะ แต่มันเหนื่อย เพลีย รู้สึกอยากนอนตลอดเวลา นี่ไม่ใช่ครั้งแรกที่เป็นค่ะ เป็นทุกครั้งที่เครียดมากๆ หรือมีความรู้สึกแย่ๆเข้ามา กว่าจะหายต้องใช้เวลาเป็นอาทิตย์เลยค่ะ มันเป็นเพระเครียดมากจนเกินไปหรือเพราะอะไรคะ แล้วควรไปพบแพทย์เพื่อรับการรักษาดีไหมคะ,เสี่ยงต่อโรคซึมเศร้า,เครียด,นอนหลับยาก,เสี่ยงต่อโรคซึมเศร้า (Major depressive disorder),สวัสดีครับ อาการของคนไข้ มีโอกาสเสี่ยงต่อภาวะซึมเศร้าครับ อาการต่างๆเกิดขึ้นจากความผิดปกติของสารสื่อประสาทในสมอง การรักษาหลักจะเป็นการทานยา ร่วมกับการทำจิดจิตบำบัดโดยจิตแพทย์หรือนักจิตบำบัดครับ เบื้องต้นหมอแนะนำให้ไปปรึกษาจิตแพทย์ที่โรงพยาบาลตามสิทธิรักษา หรือสามารถดูบริการปรึกษานักจิตบำบัด หรือพบจิตแพทย์ออนไลน์ได้ที่ลิ้งค์นี้ครับ https://bit.ly/mental-health-agnos,ปภพ ชัยวัฒโนดม,Question: สวัสดีค่ะ อยากจะปรึกษาค่ะในช่วง2-3วันที่ผ่านมามีความรู้สึกดาวน์มากๆ รู้สึกเบื่อ ไม่อยากทำอะไร ไม่อยากเจอใคร ใครพูดอะไรก็หงุดหงิดไปหมด บางครั้งอยู่ดีๆก็รู้สึกแย่จนร้องไห้ก็มี นอนไม่หลับด้วยค่ะ กว่าจะหลับใช้เวลานานมาก มาวันนี้ไม่รู้สึกดาวน์แล้วค่ะ แต่มันเหนื่อย เพลีย รู้สึกอยากนอนตลอดเวลา นี่ไม่ใช่ครั้งแรกที่เป็นค่ะ เป็นทุกครั้งที่เครียดมากๆ หรือมีความรู้สึกแย่ๆเข้ามา กว่าจะหายต้องใช้เวลาเป็นอาทิตย์เลยค่ะ มันเป็นเพระเครียดมากจนเกินไปหรือเพราะอะไรคะ แล้วควรไปพบแพทย์เพื่อรับการรักษาดีไหมคะ | Answers: สวัสดีครับ อาการของคนไข้ มีโอกาสเสี่ยงต่อภาวะซึมเศร้าครับ อาการต่างๆเกิดขึ้นจากความผิดปกติของสารสื่อประสาทในสมอง การรักษาหลักจะเป็นการทานยา ร่วมกับการทำจิดจิตบำบัดโดยจิตแพทย์หรือนักจิตบำบัดครับ เบื้องต้นหมอแนะนำให้ไปปรึกษาจิตแพทย์ที่โรงพยาบาลตามสิทธิรักษา หรือสามารถดูบริการปรึกษานักจิตบำบัด หรือพบจิตแพทย์ออนไลน์ได้ที่ลิ้งค์นี้ครับ https://bit.ly/mental-health-agnos | Symptom: เสี่ยงต่อโรคซึมเศร้า (Major depressive disorder) | Key1: เสี่ยงต่อโรคซึมเศร้า | Key2: เครียด | Key3: นอนหลับยาก | Doctor: ปภพ ชัยวัฒโนดม
สวัสดีครับคือว่าผมมีอาการนี้มาได้ปีสองปีแล้วครับ เคยรับการรักษาแล้วเหมือนได้ทานยาระงับการบีบตัวกระเพาะปัสสาวะอยู่ช่วงนึง แต่ไม่รู้สึกว่าดีขึ้นแล้วก็ไม่ได้ไปรับการรักษาอีกเลยจนมันชินไปเอง ปวดปัสสาวะบ่อยๆ แต่จำนวนไม่เยอะ แต่เหมือนตอนนี้เข้าห้องน้ำบ่อยๆ จะเป็นปัญหามากขึ้นแล้วกลัวว่าจะเป็นกรวยไตอักเสบหรือป่าว เลยอยากถามว่าถ้าจะรักษาตอนนี้ทันไหมครับ,ปัสสาวะกะปริบกะปรอย,ปัสสาวะออกเยอะ,ปัสสาวะบ่อย,กระเพาะปัสสาวะอักเสบ (Cystitis),สวัสดีครับ โดยปกติแล้วอาการปัสสาวะแสบขัดในผู้ชายอายุน้อย มักสัมพันธ์กับการติดเชื้อทางเดินปัสสาวะจากการทำงานของกระเพาะปัสสาวะผิดปกติ การมีนิ่วในทางเดินปัสสาวะ โครงสร้างท่อปัสสาวะผิดปกติ หรือการติดเชื้อทางเพศสัมพันธ์ก็ได้ครับ ซึ่งการรักษาในแต่ละสาเหตุจะแตกต่างกันโดยสิ้นเชิง ดังนั้นหมอแนะนำให้ไปตรวจรักษากับแพทย์เฉพาะทางศัลยศาสตร์ทางเดินปัสสาวะ เพื่อหาสาเหตุที่ถูกต้องและให้การรักษาต่อไปครับ คนไข้สามารถค้นหาแพทย์เฉพาะทางที่ต้องการและทำนัดหมายได้ทางเว็บไซต์ของเราที่ลิ้งค์นี้ https://bit.ly/doctor-refer-agnos,ปภพ ชัยวัฒโนดม,Question: สวัสดีครับคือว่าผมมีอาการนี้มาได้ปีสองปีแล้วครับ เคยรับการรักษาแล้วเหมือนได้ทานยาระงับการบีบตัวกระเพาะปัสสาวะอยู่ช่วงนึง แต่ไม่รู้สึกว่าดีขึ้นแล้วก็ไม่ได้ไปรับการรักษาอีกเลยจนมันชินไปเอง ปวดปัสสาวะบ่อยๆ แต่จำนวนไม่เยอะ แต่เหมือนตอนนี้เข้าห้องน้ำบ่อยๆ จะเป็นปัญหามากขึ้นแล้วกลัวว่าจะเป็นกรวยไตอักเสบหรือป่าว เลยอยากถามว่าถ้าจะรักษาตอนนี้ทันไหมครับ | Answers: สวัสดีครับ โดยปกติแล้วอาการปัสสาวะแสบขัดในผู้ชายอายุน้อย มักสัมพันธ์กับการติดเชื้อทางเดินปัสสาวะจากการทำงานของกระเพาะปัสสาวะผิดปกติ การมีนิ่วในทางเดินปัสสาวะ โครงสร้างท่อปัสสาวะผิดปกติ หรือการติดเชื้อทางเพศสัมพันธ์ก็ได้ครับ ซึ่งการรักษาในแต่ละสาเหตุจะแตกต่างกันโดยสิ้นเชิง ดังนั้นหมอแนะนำให้ไปตรวจรักษากับแพทย์เฉพาะทางศัลยศาสตร์ทางเดินปัสสาวะ เพื่อหาสาเหตุที่ถูกต้องและให้การรักษาต่อไปครับ คนไข้สามารถค้นหาแพทย์เฉพาะทางที่ต้องการและทำนัดหมายได้ทางเว็บไซต์ของเราที่ลิ้งค์นี้ https://bit.ly/doctor-refer-agnos | Symptom: กระเพาะปัสสาวะอักเสบ (Cystitis) | Key1: ปัสสาวะกะปริบกะปรอย | Key2: ปัสสาวะออกเยอะ | Key3: ปัสสาวะบ่อย | Doctor: ปภพ ชัยวัฒโนดม
ลื่นแล้วท้องไปชนอ่างและมีน้ำใสๆปนเลือดออกจากสะดือ และบวมแดง เจ็บ ไม่มีแผล ควรรักษายังไงครับ พึ่งมี น้ำใสๆปนเลือดเมื่อวาน และอีก3-4วันก่อนมี อาการบวมแดงเจ็บที่สะดือ,ติดเชื้อชั้นใต้ผิวหนัง,บวมตามร่างกาย,ขาบวม,ติดเชื้อชั้นใต้ผิวหนัง (Cellulitis),สวัสดีครับ จากอาการและประวัติที่แจ้งมาเบื้องต้นอาจเกิดจากสะดืออักเสบติดเชื้อได้ครับ หมอแนะนำให้ทานยาฆ่าเชื้อ เช่น co-amoxiclav นาน 5 วัน หากอาการยังไม่ดีขึ้น แนะนำให้ไปตรวจเพิ่มเติมที่โรงพยาบาลหรือคลินิกต่อไปครับ,ปภพ ชัยวัฒโนดม,Question: ลื่นแล้วท้องไปชนอ่างและมีน้ำใสๆปนเลือดออกจากสะดือ และบวมแดง เจ็บ ไม่มีแผล ควรรักษายังไงครับ พึ่งมี น้ำใสๆปนเลือดเมื่อวาน และอีก3-4วันก่อนมี อาการบวมแดงเจ็บที่สะดือ | Answers: สวัสดีครับ จากอาการและประวัติที่แจ้งมาเบื้องต้นอาจเกิดจากสะดืออักเสบติดเชื้อได้ครับ หมอแนะนำให้ทานยาฆ่าเชื้อ เช่น co-amoxiclav นาน 5 วัน หากอาการยังไม่ดีขึ้น แนะนำให้ไปตรวจเพิ่มเติมที่โรงพยาบาลหรือคลินิกต่อไปครับ | Symptom: ติดเชื้อชั้นใต้ผิวหนัง (Cellulitis) | Key1: ติดเชื้อชั้นใต้ผิวหนัง | Key2: บวมตามร่างกาย | Key3: ขาบวม | Doctor: ปภพ ชัยวัฒโนดม
คือมีอะไรกับแฟน วันที่20 ใส่ถุงยางไม่รั่วไม่หลุด พอผมใกล้จะเสร็จ ผมก็รีบเอาอวัยวะเพศออกมาเสร็จนอกตัวของแฟนครับ แต่ยังใส่ถุงอยู่ แล้วแฟนผมกลัวเลยกินยาคุมฉุกเฉินไปด้วย แล้ววันที่27 มีเลือด คล้ายประจำเดือนมา3วัน ปกติแฟนผมประจำเดือนมา2-6 แต่ไม่มา แล้วตอนนี้มี ปวดท้องน้อยใต้สะดือมาเป็นอาทิตย์แล้ว(ปวดช่วงหัวหน่าวมากกว่า) แล้วมีอาการคัดเต้า มีอาการท้องอืด หลังกินข้าวด้วยครับ มีโอกาสท้องมั้ยครับ กังวลมาก,แสบท้อง,จุกแน่นท้อง,ปวดท้อง,ปวดท้องประจำเดือน (Dysmenorrhea unpecified),สวัสดีครับ จากข้อมูลประวัติที่แจ้ง การมีเลือดออกช่องคลอดผิดปกติ ประจำเดือนเลื่อน คลื่นไส้อาเจียน คัดเต้านม ล้วนเป็นอาการข้างเคียงจากการทานยาคุมฉุกเฉินได้ทั้งหมดครับ แต่โดยปกติอาการจะเกิดขึ้นช่วง 2-3 วันหลังทานยา แต่หากอาการยังคงอยู่นานกว่านั้น หมอแนะนำให้ไปปรึกษาสูตินรีแพทย์เพื่อตรวจเพิ่มเติมครับ ส่วนเรื่องโอกาสการตั้งครรภ์ หากใช้ถุงยางอนามัยตลอด ไม่รั่วไม่หลุด ร่วมกับทานยาคุมกำเนิดฉุกเฉินด้วยแล้ว โอกาสการตั้งครรภ์จากการมีเพศสัมพันธ์รอบนี้จะต่ำมากครับ อย่างไรก็ตามหากไม่มั่นใจสามารถหาซื้อที่ตรวจการตั้งครรภ์ได้จากร้านขายยาทั่วไป หรือไปตรวจที่คลินิกหรือโรงพยาบาลเพื่อความมั่นใจก็ได้ครับ คนไข้สามารถค้นหาแพทย์เฉพาะทางที่ต้องการและทำนัดหมายได้ทางเว็บไซต์ของเราที่ลิ้งค์นี้ https://bit.ly/3usT7yZ,ปภพ ชัยวัฒโนดม,Question: คือมีอะไรกับแฟน วันที่20 ใส่ถุงยางไม่รั่วไม่หลุด พอผมใกล้จะเสร็จ ผมก็รีบเอาอวัยวะเพศออกมาเสร็จนอกตัวของแฟนครับ แต่ยังใส่ถุงอยู่ แล้วแฟนผมกลัวเลยกินยาคุมฉุกเฉินไปด้วย แล้ววันที่27 มีเลือด คล้ายประจำเดือนมา3วัน ปกติแฟนผมประจำเดือนมา2-6 แต่ไม่มา แล้วตอนนี้มี ปวดท้องน้อยใต้สะดือมาเป็นอาทิตย์แล้ว(ปวดช่วงหัวหน่าวมากกว่า) แล้วมีอาการคัดเต้า มีอาการท้องอืด หลังกินข้าวด้วยครับ มีโอกาสท้องมั้ยครับ กังวลมาก | Answers: สวัสดีครับ จากข้อมูลประวัติที่แจ้ง การมีเลือดออกช่องคลอดผิดปกติ ประจำเดือนเลื่อน คลื่นไส้อาเจียน คัดเต้านม ล้วนเป็นอาการข้างเคียงจากการทานยาคุมฉุกเฉินได้ทั้งหมดครับ แต่โดยปกติอาการจะเกิดขึ้นช่วง 2-3 วันหลังทานยา แต่หากอาการยังคงอยู่นานกว่านั้น หมอแนะนำให้ไปปรึกษาสูตินรีแพทย์เพื่อตรวจเพิ่มเติมครับ ส่วนเรื่องโอกาสการตั้งครรภ์ หากใช้ถุงยางอนามัยตลอด ไม่รั่วไม่หลุด ร่วมกับทานยาคุมกำเนิดฉุกเฉินด้วยแล้ว โอกาสการตั้งครรภ์จากการมีเพศสัมพันธ์รอบนี้จะต่ำมากครับ อย่างไรก็ตามหากไม่มั่นใจสามารถหาซื้อที่ตรวจการตั้งครรภ์ได้จากร้านขายยาทั่วไป หรือไปตรวจที่คลินิกหรือโรงพยาบาลเพื่อความมั่นใจก็ได้ครับ คนไข้สามารถค้นหาแพทย์เฉพาะทางที่ต้องการและทำนัดหมายได้ทางเว็บไซต์ของเราที่ลิ้งค์นี้ https://bit.ly/3usT7yZ | Symptom: ปวดท้องประจำเดือน (Dysmenorrhea unpecified) | Key1: แสบท้อง | Key2: จุกแน่นท้อง | Key3: ปวดท้อง | Doctor: ปภพ ชัยวัฒโนดม
สวัสดีฮะ เอ่อ..พูดไงดี555พอดีผมมีตุ่มอะไรก้อไม่รู้ที่องคชาตอะครับตุ่มมันเป็นสีเดียวกับสีผิวเราเลย มันอาจะแตกต่างนิดหน่อยตอนโดนแสงแต่ก็ไม่ได้อะไรมาก เหมือนมันเหมือนมันอยู่ใต้ผิวหนัง555 ไม่คัน/เจ็บเลยด้วย ตอนลูบ ๆ มันไม่ค่อยนิ่มเท่าไหร่ ลองบีบเล่น ๆ ก็ไม่แตกฮะคือส่วนตัวเดาว่าเป็นตุ่มไขมันอะไรทำนองนี้มากกว่าไม่คิดว่าเป็นโรคอะไรเพราะก็ไม่เคยมีเซ๊กส์อะครับ อยู่มาสักพักแล้วด้วย;--;,แผลริมอ่อน,,,แผลริมอ่อน (Chancroid),สวัสดีครับ ลักษณะตุ่มที่คนไข้แจ้ง น่าจะเป็นตุ่มนูนที่อวัยวะเพศที่เรียกว่า Pearly Penile Papule หรือ PPP ครับ เป็นผื่นที่พบได้เป็นปกติตามธรรมชาติ ไม่ได้เกิดจากโรคติดต่อ หรือเป็นอาการเริ่มต้นของโรคมะเร็งแต่อย่างใด ไม่ต้องทำการรักษาอะไรเพิ่มเติมครับ หมอแนะนำให้คนไข้ลองไป search ดูรูปในอินเตอร์เน็ตก็ได้ครับ หากหน้าตาเหมือนๆกันก็ไม่ต้องทำอะไร แต่ถ้าผื่นเป็นมากขึ้น โตขึ้น มีอาการเจ็บ หรือมีความผิดปกติอื่นๆ หมอแนะนำให้ไปปรึกษาแพทย์ที่โรงพยาบาล หรือแพทย์เฉพาะทางทางเดินปัสสาวะเพิ่มเติมครับ,ปภพ ชัยวัฒโนดม,Question: สวัสดีฮะ เอ่อ..พูดไงดี555พอดีผมมีตุ่มอะไรก้อไม่รู้ที่องคชาตอะครับตุ่มมันเป็นสีเดียวกับสีผิวเราเลย มันอาจะแตกต่างนิดหน่อยตอนโดนแสงแต่ก็ไม่ได้อะไรมาก เหมือนมันเหมือนมันอยู่ใต้ผิวหนัง555 ไม่คัน/เจ็บเลยด้วย ตอนลูบ ๆ มันไม่ค่อยนิ่มเท่าไหร่ ลองบีบเล่น ๆ ก็ไม่แตกฮะคือส่วนตัวเดาว่าเป็นตุ่มไขมันอะไรทำนองนี้มากกว่าไม่คิดว่าเป็นโรคอะไรเพราะก็ไม่เคยมีเซ๊กส์อะครับ อยู่มาสักพักแล้วด้วย;--; | Answers: สวัสดีครับ ลักษณะตุ่มที่คนไข้แจ้ง น่าจะเป็นตุ่มนูนที่อวัยวะเพศที่เรียกว่า Pearly Penile Papule หรือ PPP ครับ เป็นผื่นที่พบได้เป็นปกติตามธรรมชาติ ไม่ได้เกิดจากโรคติดต่อ หรือเป็นอาการเริ่มต้นของโรคมะเร็งแต่อย่างใด ไม่ต้องทำการรักษาอะไรเพิ่มเติมครับ หมอแนะนำให้คนไข้ลองไป search ดูรูปในอินเตอร์เน็ตก็ได้ครับ หากหน้าตาเหมือนๆกันก็ไม่ต้องทำอะไร แต่ถ้าผื่นเป็นมากขึ้น โตขึ้น มีอาการเจ็บ หรือมีความผิดปกติอื่นๆ หมอแนะนำให้ไปปรึกษาแพทย์ที่โรงพยาบาล หรือแพทย์เฉพาะทางทางเดินปัสสาวะเพิ่มเติมครับ | Symptom: แผลริมอ่อน (Chancroid) | Key1: แผลริมอ่อน | Key2:  | Key3:  | Doctor: ปภพ ชัยวัฒโนดม
รักษาแบบไม่มีค่าใช้จ่าย มีไหมครับ,ทำร้ายตัวเอง,คิดฆ่าตัวตาย,อยากตาย,เสี่ยงต่อโรคทางอารมณ์ที่มีภาวะแทรกซ้อน (Mood disorder with psychotic feature unspecified),สวัสดีครับ โรคซึมเศร้าสามารถรักษาได้โดยจิตแพทย์ที่โรงพยาบาลรัฐครับ คนไข้สามารถเข้ารับการรักษาที่โรงพยาบาลตามสิทธิการรักษาของตัวเองได้เลย หากไม่ทราบสถานพยาบาลที่มีสิทธิรักษา สามารถค้นหาได้ที่ลิ้งค์นี้ครับ https://eservices.nhso.go.th/eServices/mobile/login.xhtml,ปภพ ชัยวัฒโนดม,Question: รักษาแบบไม่มีค่าใช้จ่าย มีไหมครับ | Answers: สวัสดีครับ โรคซึมเศร้าสามารถรักษาได้โดยจิตแพทย์ที่โรงพยาบาลรัฐครับ คนไข้สามารถเข้ารับการรักษาที่โรงพยาบาลตามสิทธิการรักษาของตัวเองได้เลย หากไม่ทราบสถานพยาบาลที่มีสิทธิรักษา สามารถค้นหาได้ที่ลิ้งค์นี้ครับ https://eservices.nhso.go.th/eServices/mobile/login.xhtml | Symptom: เสี่ยงต่อโรคทางอารมณ์ที่มีภาวะแทรกซ้อน (Mood disorder with psychotic feature unspecified) | Key1: ทำร้ายตัวเอง | Key2: คิดฆ่าตัวตาย | Key3: อยากตาย | Doctor: ปภพ ชัยวัฒโนดม
แฟนของผมโดยปกติจะมีรอบเดือนอยู่ที่ประมาณ27วัน ซึ่งล่าสุดคือ19-24ต.ค. เรามีเพศสัมพันธ์กันในวันที่11พ.ย.แบบไม่ได้ป้องกันประมาณ1-2นาที แต่หลังจากนั้นก็สวมถุงป้องกันและไม่ได้หลั่งใน หลังจากนั้นภายใน1ชม.ก็ไปกินยาคุมกำเนิดฉุกเฉิน(แบบ1เม็ด) หลังจากที่กินยามีเพียงเลือดออกที่ช่องคลอดประมาณ3วันซึ่งน่าจะเป็นผลมาจากผลข้างเคียงของยา กำหนดรอบเดือนในพ.ย.ของเธอคือ15พ.ย. หากผลข้างเคียงที่จำทำให้ประจำเดือนมาช้ากว่าเดิม1สัปดาห์ก็น่าจะมาในวันที่22พ.ย. แต่จนถึงวันนี้25พ.ย. น่าจะเป็นวันที่37แล้ว ประจำเดือนก็ยังไม่มา ถามดูแล้วเจ้าตัวไม่พบความผิดปกติอะไรเลย ไม่ได้ปวดท้องหรือฉี่บ่อยขึ้นกว่าเดิม และไม่ได้เครียดด้วย,ประจำเดือนมาน้อยกว่าปกติ,แสบท้อง,จุกแน่นท้อง,สงสัยภาวะตั้งครรภ์ (Pregnancy not yet confirmed),การทานยาคุมกำเนิดฉุกเฉินทำให้ประจำเดือนแปรปรวนเลื่อนจากปกติได้ครับ หากไม่มีอาการผิดปกติอื่นๆ เบื้องต้นหมอแนะนำให้สังเกตอาการไปก่อนได้ครับ แต่ถ้าไม่มั่นใจลองซื้อท่ี่ตรวจการตั้งครรภ์จากร้านขายยามาทดสอบดูก็ได้ครับเพื่อความมั่นใจ,ปภพ ชัยวัฒโนดม,Question: แฟนของผมโดยปกติจะมีรอบเดือนอยู่ที่ประมาณ27วัน ซึ่งล่าสุดคือ19-24ต.ค. เรามีเพศสัมพันธ์กันในวันที่11พ.ย.แบบไม่ได้ป้องกันประมาณ1-2นาที แต่หลังจากนั้นก็สวมถุงป้องกันและไม่ได้หลั่งใน หลังจากนั้นภายใน1ชม.ก็ไปกินยาคุมกำเนิดฉุกเฉิน(แบบ1เม็ด) หลังจากที่กินยามีเพียงเลือดออกที่ช่องคลอดประมาณ3วันซึ่งน่าจะเป็นผลมาจากผลข้างเคียงของยา กำหนดรอบเดือนในพ.ย.ของเธอคือ15พ.ย. หากผลข้างเคียงที่จำทำให้ประจำเดือนมาช้ากว่าเดิม1สัปดาห์ก็น่าจะมาในวันที่22พ.ย. แต่จนถึงวันนี้25พ.ย. น่าจะเป็นวันที่37แล้ว ประจำเดือนก็ยังไม่มา ถามดูแล้วเจ้าตัวไม่พบความผิดปกติอะไรเลย ไม่ได้ปวดท้องหรือฉี่บ่อยขึ้นกว่าเดิม และไม่ได้เครียดด้วย | Answers: การทานยาคุมกำเนิดฉุกเฉินทำให้ประจำเดือนแปรปรวนเลื่อนจากปกติได้ครับ หากไม่มีอาการผิดปกติอื่นๆ เบื้องต้นหมอแนะนำให้สังเกตอาการไปก่อนได้ครับ แต่ถ้าไม่มั่นใจลองซื้อท่ี่ตรวจการตั้งครรภ์จากร้านขายยามาทดสอบดูก็ได้ครับเพื่อความมั่นใจ | Symptom: สงสัยภาวะตั้งครรภ์ (Pregnancy not yet confirmed) | Key1: ประจำเดือนมาน้อยกว่าปกติ | Key2: แสบท้อง | Key3: จุกแน่นท้อง | Doctor: ปภพ ชัยวัฒโนดม
สวัสดีครับ ตอนนี้ผมมีอาการลิ้นไ่ม่รู้รส มาสักประมาณ4-5 เดือน กินอะไรไปก็มีรสชาติจืดหมด ปัจจุบันผมมีอาการนอนไม่หลับที่รักษามาสักระยะหนึ่งแล้ว ยาที่หรับประทานอยู่ 2 ตัวคือ new generation dopamine antagonist กับ SSRI -long action (สั่งจ่ายโดยหมอจิตเวช) เลยอยากทราบว่า ยามีผลขต่อการรับรสชาติที่เปลี่ยนไปไหมครับ ้้้้้้้้้้้้้้้้้้้้้้้้้้้้้้้้้้้้้้้้้้้้้้้้้้้้้้้้้้้้้้้้้้,นอนหลับยาก,ลิ้นรับรสได้น้อยลง,นอนไม่หลับ,โรคนอนไม่หลับ (Insomnia),โดยทั่วไป ยาปรับอารมณ์หรือยารักษาภาวะซึมเศร้าในกลุ่ม SSRI มีโอกาสทำให้เกิดการรับรสที่ลดลงได้ครับ อย่างไรก็ตามต้องดูว่าอาการเกิดก่อนหลังหลังทานยามานานเท่าใดร่วมด้วย เบื้องต้นหากอาการดังกล่าวกระทบการใช้ชีวิตของคนไข้ หมอแนะนำให้แจ้งแพทย์ผู้จ่ายยาถึงอาการข้างเคียงเหล่านี้ เพื่อให้แพทย์เจ้าของไข้พิจารณายาที่ใช้ในการรักษาตัวอื่นๆต่อไปครับ,ปภพ ชัยวัฒโนดม,Question: สวัสดีครับ ตอนนี้ผมมีอาการลิ้นไ่ม่รู้รส มาสักประมาณ4-5 เดือน กินอะไรไปก็มีรสชาติจืดหมด ปัจจุบันผมมีอาการนอนไม่หลับที่รักษามาสักระยะหนึ่งแล้ว ยาที่หรับประทานอยู่ 2 ตัวคือ new generation dopamine antagonist กับ SSRI -long action (สั่งจ่ายโดยหมอจิตเวช) เลยอยากทราบว่า ยามีผลขต่อการรับรสชาติที่เปลี่ยนไปไหมครับ ้้้้้้้้้้้้้้้้้้้้้้้้้้้้้้้้้้้้้้้้้้้้้้้้้้้้้้้้้้้้้้้้้้ | Answers: โดยทั่วไป ยาปรับอารมณ์หรือยารักษาภาวะซึมเศร้าในกลุ่ม SSRI มีโอกาสทำให้เกิดการรับรสที่ลดลงได้ครับ อย่างไรก็ตามต้องดูว่าอาการเกิดก่อนหลังหลังทานยามานานเท่าใดร่วมด้วย เบื้องต้นหากอาการดังกล่าวกระทบการใช้ชีวิตของคนไข้ หมอแนะนำให้แจ้งแพทย์ผู้จ่ายยาถึงอาการข้างเคียงเหล่านี้ เพื่อให้แพทย์เจ้าของไข้พิจารณายาที่ใช้ในการรักษาตัวอื่นๆต่อไปครับ | Symptom: โรคนอนไม่หลับ (Insomnia) | Key1: นอนหลับยาก | Key2: ลิ้นรับรสได้น้อยลง | Key3: นอนไม่หลับ | Doctor: ปภพ ชัยวัฒโนดม
คันและแสบที่อวัยวะเพศตอนนี้เปนผื่นแดงแล้วเจ้บคะ,เชื้อราในช่องคลอด,,,เชื้อราในช่องคลอด (Candida vaginitis),สวัสดีครับ อาการของคนไข้น่าจะเกิดจากการติดเชื้อราในช่องคลอด การรักษาหลักจะเป็นยาใช้ยาฆ่าเชื้อรา เช่น Clotrimazole ทั้งแบบเหน็บช่องคลอด และแบบยาทาผิวหนังด้านนอกร่วมกัน ต่อเนื่องนาน7วัน ร่วมกับการรักษาความสะอาด หลีกเลี่ยงความอับชื้นและหลีกเลี่ยงการสวนล้างช่องคลอดบ่อยๆครับ อาการจะค่อยๆดีขึ้นใน 3-7 วัน หากเหน็บยาและทายาแล้วอาการยังไม่ดีขึ้น หมอแนะนำให้ไปตรวจเพิ่มเติมกับสูตินรีแพทย์ที่คลินิกหรือโรงพยาบาลครับ คนไข้สามารถค้นหาแพทย์เฉพาะทางที่ต้องการและทำนัดหมายได้ทางเว็บไซต์ของเราที่ลิ้งค์นี้ https://bit.ly/3usT7yZ,ปภพ ชัยวัฒโนดม,Question: คันและแสบที่อวัยวะเพศตอนนี้เปนผื่นแดงแล้วเจ้บคะ | Answers: สวัสดีครับ อาการของคนไข้น่าจะเกิดจากการติดเชื้อราในช่องคลอด การรักษาหลักจะเป็นยาใช้ยาฆ่าเชื้อรา เช่น Clotrimazole ทั้งแบบเหน็บช่องคลอด และแบบยาทาผิวหนังด้านนอกร่วมกัน ต่อเนื่องนาน7วัน ร่วมกับการรักษาความสะอาด หลีกเลี่ยงความอับชื้นและหลีกเลี่ยงการสวนล้างช่องคลอดบ่อยๆครับ อาการจะค่อยๆดีขึ้นใน 3-7 วัน หากเหน็บยาและทายาแล้วอาการยังไม่ดีขึ้น หมอแนะนำให้ไปตรวจเพิ่มเติมกับสูตินรีแพทย์ที่คลินิกหรือโรงพยาบาลครับ คนไข้สามารถค้นหาแพทย์เฉพาะทางที่ต้องการและทำนัดหมายได้ทางเว็บไซต์ของเราที่ลิ้งค์นี้ https://bit.ly/3usT7yZ | Symptom: เชื้อราในช่องคลอด (Candida vaginitis) | Key1: เชื้อราในช่องคลอด | Key2:  | Key3:  | Doctor: ปภพ ชัยวัฒโนดม
หนูร้องไห้ตลอดเวลา รู้สึกไร้ค่า ไม่มีใครรัก ตัวคนเดียว ชอบนั้งร้องไห้คนเดียว นอนอไม่หลับ พึ่งยานอนหลับเป็นบางวัน มึนหัวบ่อยๆ มือสั่นใจสั่น บางที่รู้สึกหอบ,เศร้า,ท้อแท้,ร้องไห้ง่าย,เสี่ยงต่อโรคซึมเศร้า (Major depressive disorder),สวัสดีครับ อาการของคนไข้ มีโอกาสเสี่ยงสูงต่อภาวะซึมเศร้าครับ อาการต่างๆเกิดขึ้นจากความผิดปกติของสารสื่อประสาทในสมอง การรักษาหลักจะเป็นการทานยา ร่วมกับการทำจิดจิตบำบัดโดยจิตแพทย์หรือนักจิตบำบัดครับ เบื้องต้นหมอแนะนำให้ไปปรึกษาจิตแพทย์ที่โรงพยาบาลตามสิทธิรักษา หรือสามารถดูบริการปรึกษานักจิตบำบัด หรือพบจิตแพทย์ออนไลน์ได้ที่ลิ้งค์นี้ครับ https://mall.agnoshealth.com/mental-health-subscription/,ปภพ ชัยวัฒโนดม,Question: หนูร้องไห้ตลอดเวลา รู้สึกไร้ค่า ไม่มีใครรัก ตัวคนเดียว ชอบนั้งร้องไห้คนเดียว นอนอไม่หลับ พึ่งยานอนหลับเป็นบางวัน มึนหัวบ่อยๆ มือสั่นใจสั่น บางที่รู้สึกหอบ | Answers: สวัสดีครับ อาการของคนไข้ มีโอกาสเสี่ยงสูงต่อภาวะซึมเศร้าครับ อาการต่างๆเกิดขึ้นจากความผิดปกติของสารสื่อประสาทในสมอง การรักษาหลักจะเป็นการทานยา ร่วมกับการทำจิดจิตบำบัดโดยจิตแพทย์หรือนักจิตบำบัดครับ เบื้องต้นหมอแนะนำให้ไปปรึกษาจิตแพทย์ที่โรงพยาบาลตามสิทธิรักษา หรือสามารถดูบริการปรึกษานักจิตบำบัด หรือพบจิตแพทย์ออนไลน์ได้ที่ลิ้งค์นี้ครับ https://mall.agnoshealth.com/mental-health-subscription/ | Symptom: เสี่ยงต่อโรคซึมเศร้า (Major depressive disorder) | Key1: เศร้า | Key2: ท้อแท้ | Key3: ร้องไห้ง่าย | Doctor: ปภพ ชัยวัฒโนดม
หลังผ่าตัด จะกลับมาเดินได้ปกติมั้ยคะ,ปวดหลัง,น้ำหนักลด,อ่อนเพลีย,วัณโรคกระดูกสันหลัง (TB spine),สวัสดีครับ การผ่าตัดกระดูกสันหลังโดยทั่วไปหากการผ่าตัดไม่มีภาวะแทรกซ้อน คนไข้จะสามารถกลับมาเดินและใช้ชีวิตประจำวันได้ แต่อาจต้องทำการกายภาพร่วมด้วย โดยจะกลับมาเดินได้เป็นปกติหลังผ่าตัดนานเท่าไหร่ขึ้นกับสภาพร่างกายของคนไข้และความสม่ำเสมอของการทำกายภาพหลังผ่าตัดด้วยครับ สำหรับโอกาสเกิดภาวะแทรกซ้อนจากการผ่าตัด แนะนำให้ถามหมอกระดูกที่ดูแลรักษาท่านจะเป็นคนให้คำตอบได้ดีที่สุดครับ,ปภพ ชัยวัฒโนดม,Question: หลังผ่าตัด จะกลับมาเดินได้ปกติมั้ยคะ | Answers: สวัสดีครับ การผ่าตัดกระดูกสันหลังโดยทั่วไปหากการผ่าตัดไม่มีภาวะแทรกซ้อน คนไข้จะสามารถกลับมาเดินและใช้ชีวิตประจำวันได้ แต่อาจต้องทำการกายภาพร่วมด้วย โดยจะกลับมาเดินได้เป็นปกติหลังผ่าตัดนานเท่าไหร่ขึ้นกับสภาพร่างกายของคนไข้และความสม่ำเสมอของการทำกายภาพหลังผ่าตัดด้วยครับ สำหรับโอกาสเกิดภาวะแทรกซ้อนจากการผ่าตัด แนะนำให้ถามหมอกระดูกที่ดูแลรักษาท่านจะเป็นคนให้คำตอบได้ดีที่สุดครับ | Symptom: วัณโรคกระดูกสันหลัง (TB spine) | Key1: ปวดหลัง | Key2: น้ำหนักลด | Key3: อ่อนเพลีย | Doctor: ปภพ ชัยวัฒโนดม
ช่วงนี้น้องสาวมีกลิ่น มีตกขาวเป็นก้อนแป้ง บางทีก็เป็นมูกสีเขียว ตอนฉี่มีขาวๆเหมือนผงแป้งปนมาด้วย สาเหตุเกิดจากอะไรคะ,ตกขาวผิดปกติ,ภาวะช่องคลอดอักเสบจากเชื้อแบคทีเรีย,,ภาวะช่องคลอดอักเสบจากเชื้อแบคทีเรีย (Bacterial vaginosis),สวัสดีครับ ลักษณะตกขาวเป็นก้อนแป้ง ร่วมกับมีกลิ่น และประวัติการสวนล้างช่องคลอดบ่อยๆ อาจเกิดจากการติดเชื้อแบคทีเรียในช่องคลอด หรือติดเชื้อราในช่องคลอดก็ได้ครับ การรักษาหลักจะเป็นการทานยา Metronidazole ต่อเนื่อง 7 วัน ร่วมกับใช้ยา Clotrimazole เหน็บช่องคลอดก่อนนอน 3 วัน และปรับพฤติกรรมการดูแลจุดซ่อนเร้น ไม่สวนล้างช่องคลอดบ่อยๆ อาการจะดีขึ้นใน 5-7 วันครับ หากอาการไม่ดีขึ้นหลังทานยาและเหน็บยา หมอแนะนำให้ไปตรวจเพิ่มเติมกับสูตินรีแพทย์ที่คลินิกหรือโรงพยาบาลต่อไปครับ คนไข้สามารถค้นหาแพทย์เฉพาะทางที่ต้องการและทำนัดหมายได้ทางเว็บไซต์ของเราที่ลิ้งค์ https://www.agnoshealth.com/doctor-list,ปภพ ชัยวัฒโนดม,Question: ช่วงนี้น้องสาวมีกลิ่น มีตกขาวเป็นก้อนแป้ง บางทีก็เป็นมูกสีเขียว ตอนฉี่มีขาวๆเหมือนผงแป้งปนมาด้วย สาเหตุเกิดจากอะไรคะ | Answers: สวัสดีครับ ลักษณะตกขาวเป็นก้อนแป้ง ร่วมกับมีกลิ่น และประวัติการสวนล้างช่องคลอดบ่อยๆ อาจเกิดจากการติดเชื้อแบคทีเรียในช่องคลอด หรือติดเชื้อราในช่องคลอดก็ได้ครับ การรักษาหลักจะเป็นการทานยา Metronidazole ต่อเนื่อง 7 วัน ร่วมกับใช้ยา Clotrimazole เหน็บช่องคลอดก่อนนอน 3 วัน และปรับพฤติกรรมการดูแลจุดซ่อนเร้น ไม่สวนล้างช่องคลอดบ่อยๆ อาการจะดีขึ้นใน 5-7 วันครับ หากอาการไม่ดีขึ้นหลังทานยาและเหน็บยา หมอแนะนำให้ไปตรวจเพิ่มเติมกับสูตินรีแพทย์ที่คลินิกหรือโรงพยาบาลต่อไปครับ คนไข้สามารถค้นหาแพทย์เฉพาะทางที่ต้องการและทำนัดหมายได้ทางเว็บไซต์ของเราที่ลิ้งค์ https://www.agnoshealth.com/doctor-list | Symptom: ภาวะช่องคลอดอักเสบจากเชื้อแบคทีเรีย (Bacterial vaginosis) | Key1: ตกขาวผิดปกติ | Key2: ภาวะช่องคลอดอักเสบจากเชื้อแบคทีเรีย | Key3:  | Doctor: ปภพ ชัยวัฒโนดม
มีอาการเศร้าคิดมากเครียดวิตกกังวลหยุดคิดไม่ได้คิดซ้ำๆ ควรปรับตัวยังไงคะเพราะกลัวว่าจะกลับไปทำร้ายตัวเองอีก,วิตกกังวล,คิดมาก,หยุดคิดไม่ได้,ภาวะการปรับตัวผิดปกติ (Adjustment disorder),สวัสดีครับ เบื้องต้นจากอาการที่แจ้งมา มีโอกาสสูงที่จะเป็นโรคซึมเศร้านะครับ การรักษาหลักคือการทำจิตบำบัด ร่วมกับการทานยาครับ การพูดคุยปรึกษากับจิตแพทย์หรือนักจิตบำบัด เป็นการรักษาหลักที่จะช่วยหาต้นเหตุของปัญหา และวางแผนหาทางแก้ไขร่วมกัน เบื้องต้นหมอแนะนำให้ไปปรึกษาจิตแพทย์ที่โรงพยาบาลที่มีสิทธิการรักษา หรือคนไข้สามารถดูบริการปรึกษานักจิตบำบัด หรือพบจิตแพทย์ออนไลน์ได้ที่ลิ้งค์นี้ https://mall.agnoshealth.com/mental-health-subscription/,ปภพ ชัยวัฒโนดม,Question: มีอาการเศร้าคิดมากเครียดวิตกกังวลหยุดคิดไม่ได้คิดซ้ำๆ ควรปรับตัวยังไงคะเพราะกลัวว่าจะกลับไปทำร้ายตัวเองอีก | Answers: สวัสดีครับ เบื้องต้นจากอาการที่แจ้งมา มีโอกาสสูงที่จะเป็นโรคซึมเศร้านะครับ การรักษาหลักคือการทำจิตบำบัด ร่วมกับการทานยาครับ การพูดคุยปรึกษากับจิตแพทย์หรือนักจิตบำบัด เป็นการรักษาหลักที่จะช่วยหาต้นเหตุของปัญหา และวางแผนหาทางแก้ไขร่วมกัน เบื้องต้นหมอแนะนำให้ไปปรึกษาจิตแพทย์ที่โรงพยาบาลที่มีสิทธิการรักษา หรือคนไข้สามารถดูบริการปรึกษานักจิตบำบัด หรือพบจิตแพทย์ออนไลน์ได้ที่ลิ้งค์นี้ https://mall.agnoshealth.com/mental-health-subscription/ | Symptom: ภาวะการปรับตัวผิดปกติ (Adjustment disorder) | Key1: วิตกกังวล | Key2: คิดมาก | Key3: หยุดคิดไม่ได้ | Doctor: ปภพ ชัยวัฒโนดม
สวัสดีครับ หลังจากผมช่วยตัวเองไปก็เริ่มมีอาการ ปัสสาวะบ่อยแต่น้อย ถุงอัณฑะมีก้อนนิ้มๆจับแล้วปวด และปวดท้องน้อยครับ เริ่มมีอาการตั้งแต่วันอังคารที่ 14 ครับ,ปัสสาวะกะปริบกะปรอย,แสบท้อง,จุกแน่นท้อง,กระเพาะปัสสาวะอักเสบ (Cystitis),สวัสดีครับ อาการของคนไข้น่าจะเกิดจากท่อปัสสาวะและอัณฑะอักเสบครับ การรักษาหลักจะเป็นการทานยาฆ่าเชื้อ เช่น Levofloxacin นาน10วัน ร่วมกับทานยาแก้อักเสบ เช่น ibuprofen เพื่อบรรเทาอาการปัสสาวะแสบขัดหรือปวดอัณฑะ โดยให้ทาน 2-3 วัน ถ้าอาการปวดดีขึ้นสามารถหยุดได้ครับ,ปภพ ชัยวัฒโนดม,Question: สวัสดีครับ หลังจากผมช่วยตัวเองไปก็เริ่มมีอาการ ปัสสาวะบ่อยแต่น้อย ถุงอัณฑะมีก้อนนิ้มๆจับแล้วปวด และปวดท้องน้อยครับ เริ่มมีอาการตั้งแต่วันอังคารที่ 14 ครับ | Answers: สวัสดีครับ อาการของคนไข้น่าจะเกิดจากท่อปัสสาวะและอัณฑะอักเสบครับ การรักษาหลักจะเป็นการทานยาฆ่าเชื้อ เช่น Levofloxacin นาน10วัน ร่วมกับทานยาแก้อักเสบ เช่น ibuprofen เพื่อบรรเทาอาการปัสสาวะแสบขัดหรือปวดอัณฑะ โดยให้ทาน 2-3 วัน ถ้าอาการปวดดีขึ้นสามารถหยุดได้ครับ | Symptom: กระเพาะปัสสาวะอักเสบ (Cystitis) | Key1: ปัสสาวะกะปริบกะปรอย | Key2: แสบท้อง | Key3: จุกแน่นท้อง | Doctor: ปภพ ชัยวัฒโนดม
คือหนูค่อนข้างรู้สึกว่าตัวเองเศร้าง่ายมากเลยค่ะแบบว่าเศร้าบ่อยมีอะไรกระทบกระเทือนใจนิดหน่อยก็คือร้องไห้เลยค่ะแทบจะทุกครั้งที่ร้องไห้รู้สึกเศร้ามากและในหัวความคิดแรกก็คือตายไปเลยดีมั้ยแบบนี้อะค่ะหลังจากนั้นก็จะร้องไห้ไม่หยุด โทษตัวเองถึงแม้ว่ามันจะไม่ใช่ความผิดเราแต่ ถ้าคนอื่นพูดมาว่าใช่เราก็จะชอบคิดว่ามันเป็นความผิดเราแล้วก็เศร้ามากค่ะแต่ในทุกๆครั้งที่หนูมีความคิดว่าตายไปซะเลยดีมั้ยเหนื่อยจังไม่อยากมีชีวิตอยู่ต่อแล้วอยากหนีไปไกลๆแต่ในหลายหลายครั้งที่หนูคิดแบบนี้ก็จะมีความคิดหนึ่งแทรกมาในหัวก็คือถึงแม้ว่าหนูอยากตายแต่ที่จริงแล้วเราก็ยังอยากที่จะมีชีวิตอยู่อ่ะค่ะเพื่อดูว่า เราเองก็อยากรู้ว่าโลกต่อไปจะเป็นยังไงจะมีอะไรเปลี่ยนแปลงเปลี่ยนแปลงไปไหมอยากเป็นคนที่มีความสุขบ้างอะค่ะแต่ว่ามันยากมากเลย,เศร้า,ท้อแท้,ร้องไห้ง่าย,เสี่ยงต่อโรคซึมเศร้า (Major depressive disorder),สวัสดีครับ อาการของคนไข้ มีโอกาสเสี่ยงสูงต่อภาวะซึมเศร้าครับ อาการต่างๆเกิดขึ้นจากความผิดปกติของสารสื่อประสาทในสมอง การรักษาหลักจะเป็นการทานยา ร่วมกับการทำจิดจิตบำบัดโดยจิตแพทย์หรือนักจิตบำบัดครับ เบื้องต้นหมอแนะนำให้ไปปรึกษาจิตแพทย์ที่โรงพยาบาลตามสิทธิรักษา หรือสามารถดูบริการปรึกษานักจิตบำบัด หรือพบจิตแพทย์ออนไลน์ได้ที่ลิ้งค์นี้ครับ https://mall.agnoshealth.com/mental-health-subscription/,ปภพ ชัยวัฒโนดม,Question: คือหนูค่อนข้างรู้สึกว่าตัวเองเศร้าง่ายมากเลยค่ะแบบว่าเศร้าบ่อยมีอะไรกระทบกระเทือนใจนิดหน่อยก็คือร้องไห้เลยค่ะแทบจะทุกครั้งที่ร้องไห้รู้สึกเศร้ามากและในหัวความคิดแรกก็คือตายไปเลยดีมั้ยแบบนี้อะค่ะหลังจากนั้นก็จะร้องไห้ไม่หยุด โทษตัวเองถึงแม้ว่ามันจะไม่ใช่ความผิดเราแต่ ถ้าคนอื่นพูดมาว่าใช่เราก็จะชอบคิดว่ามันเป็นความผิดเราแล้วก็เศร้ามากค่ะแต่ในทุกๆครั้งที่หนูมีความคิดว่าตายไปซะเลยดีมั้ยเหนื่อยจังไม่อยากมีชีวิตอยู่ต่อแล้วอยากหนีไปไกลๆแต่ในหลายหลายครั้งที่หนูคิดแบบนี้ก็จะมีความคิดหนึ่งแทรกมาในหัวก็คือถึงแม้ว่าหนูอยากตายแต่ที่จริงแล้วเราก็ยังอยากที่จะมีชีวิตอยู่อ่ะค่ะเพื่อดูว่า เราเองก็อยากรู้ว่าโลกต่อไปจะเป็นยังไงจะมีอะไรเปลี่ยนแปลงเปลี่ยนแปลงไปไหมอยากเป็นคนที่มีความสุขบ้างอะค่ะแต่ว่ามันยากมากเลย | Answers: สวัสดีครับ อาการของคนไข้ มีโอกาสเสี่ยงสูงต่อภาวะซึมเศร้าครับ อาการต่างๆเกิดขึ้นจากความผิดปกติของสารสื่อประสาทในสมอง การรักษาหลักจะเป็นการทานยา ร่วมกับการทำจิดจิตบำบัดโดยจิตแพทย์หรือนักจิตบำบัดครับ เบื้องต้นหมอแนะนำให้ไปปรึกษาจิตแพทย์ที่โรงพยาบาลตามสิทธิรักษา หรือสามารถดูบริการปรึกษานักจิตบำบัด หรือพบจิตแพทย์ออนไลน์ได้ที่ลิ้งค์นี้ครับ https://mall.agnoshealth.com/mental-health-subscription/ | Symptom: เสี่ยงต่อโรคซึมเศร้า (Major depressive disorder) | Key1: เศร้า | Key2: ท้อแท้ | Key3: ร้องไห้ง่าย | Doctor: ปภพ ชัยวัฒโนดม
รู้สึกนอนไม่หลับ หรือหลับยากมานานกว่า 3 เดือน ชอบตื่นกลางดึก ทุกเที่ยงคืน และตี 3 เสมอ ๆ ส่งผลกระทบต่อการทำงานมาก ๆ เพราะมีอาการวูบหลับหลายครั้ง,เสี่ยงต่อโรคซึมเศร้า,นอนหลับยาก,นอนไม่หลับ,เสี่ยงต่อโรคซึมเศร้า (Major depressive disorder),สวัสดีครับ อาการนอนไมหลับที่คนไข้แจ้ง อาจมีสาเหตุได้จากหลายอย่าง เบื้องต้นหมอแนะนำให้ลองอ่านบทความเกี่ยวกับภาวะนอนไม่หลับที่ลิ้งค์นี้ https://www.agnoshealth.com/diseases/%E0%B9%82%E0%B8%A3%E0%B8%84%E0%B8%99%E0%B8%AD%E0%B8%99%E0%B9%84%E0%B8%A1%E0%B9%88%E0%B8%AB%E0%B8%A5%E0%B8%B1%E0%B8%9A/insomnia แล้วลองปรับสภาพแวดล้อมต่างๆดูก่อนครับ หากอาการยังไม่ดีขึ้น อาจต้องใช้ยาเพื่อช่วยปรับการนอนหลับร่วมด้วย หมอแนะนำให้ปรึกษาจิตแพทย์ตามสิทธิการรักกษาของท่านเพื่อรับคำปรึกษาและรับยา คนไข้สามารถค้นหาจิตแพทย์ในรพ.เอกชนใกล้ท่านและทำนัดหมายได้ทางเว็บไซต์ของเราที่ลิ้งค์นี้ https://bit.ly/3usT7yZ,ปภพ ชัยวัฒโนดม,Question: รู้สึกนอนไม่หลับ หรือหลับยากมานานกว่า 3 เดือน ชอบตื่นกลางดึก ทุกเที่ยงคืน และตี 3 เสมอ ๆ ส่งผลกระทบต่อการทำงานมาก ๆ เพราะมีอาการวูบหลับหลายครั้ง | Answers: สวัสดีครับ อาการนอนไมหลับที่คนไข้แจ้ง อาจมีสาเหตุได้จากหลายอย่าง เบื้องต้นหมอแนะนำให้ลองอ่านบทความเกี่ยวกับภาวะนอนไม่หลับที่ลิ้งค์นี้ https://www.agnoshealth.com/diseases/%E0%B9%82%E0%B8%A3%E0%B8%84%E0%B8%99%E0%B8%AD%E0%B8%99%E0%B9%84%E0%B8%A1%E0%B9%88%E0%B8%AB%E0%B8%A5%E0%B8%B1%E0%B8%9A/insomnia แล้วลองปรับสภาพแวดล้อมต่างๆดูก่อนครับ หากอาการยังไม่ดีขึ้น อาจต้องใช้ยาเพื่อช่วยปรับการนอนหลับร่วมด้วย หมอแนะนำให้ปรึกษาจิตแพทย์ตามสิทธิการรักกษาของท่านเพื่อรับคำปรึกษาและรับยา คนไข้สามารถค้นหาจิตแพทย์ในรพ.เอกชนใกล้ท่านและทำนัดหมายได้ทางเว็บไซต์ของเราที่ลิ้งค์นี้ https://bit.ly/3usT7yZ | Symptom: เสี่ยงต่อโรคซึมเศร้า (Major depressive disorder) | Key1: เสี่ยงต่อโรคซึมเศร้า | Key2: นอนหลับยาก | Key3: นอนไม่หลับ | Doctor: ปภพ ชัยวัฒโนดม
มีควมคิดอยากฆ่าตัวตาย วางแผนไว้เรียบร้อยแล้วและเคยพยายามฆ่าตัวตายแล้วแต่ไม่สำเร็จได้รับการรักษามานานหลายปีแต่ก็ไม่หายสักทีนึกถึงแต่คำพูดของคนรอบข้างที่ชอบไล่ให้ไปตายตลอดเริร่มควบคุมความคิดของตัวเองไม่ได้แล้ว,เศร้า,ท้อแท้,ร้องไห้ง่าย,เสี่ยงต่อโรคซึมเศร้า (Major depressive disorder),สวัสดีครับ โรคซึมเศร้าเป็นโรคที่ใช้เวลาในการรักษาพอสมควรครับ และนอกจากจะทานยาแล้ว การทำจิตบำบัดก็เป็นสิ่งที่สำคัญมากเช่นกัน ในกรณีขอวคนไข้ หมอแนะนำให้แจ้งอาการกับแพทย์เจ้าของไข้ที่ดูแลประจำดูก่อนเพื่อปรับเปลี่ยนยา นอกจากนั้นหมอแนะนำให้ปรึกษาจิตแพทย์เพื่อทำจิตบำบัดควบคุ๋กันไปด้วย หรือคนไข้สามารถดูบริการปรึกษานักจิตบำบัด หรือพบจิตแพทย์ออนไลน์ได้ที่ลิ้งค์นี้ https://mall.agnoshealth.com/mental-health-subscription/,ปภพ ชัยวัฒโนดม,Question: มีควมคิดอยากฆ่าตัวตาย วางแผนไว้เรียบร้อยแล้วและเคยพยายามฆ่าตัวตายแล้วแต่ไม่สำเร็จได้รับการรักษามานานหลายปีแต่ก็ไม่หายสักทีนึกถึงแต่คำพูดของคนรอบข้างที่ชอบไล่ให้ไปตายตลอดเริร่มควบคุมความคิดของตัวเองไม่ได้แล้ว | Answers: สวัสดีครับ โรคซึมเศร้าเป็นโรคที่ใช้เวลาในการรักษาพอสมควรครับ และนอกจากจะทานยาแล้ว การทำจิตบำบัดก็เป็นสิ่งที่สำคัญมากเช่นกัน ในกรณีขอวคนไข้ หมอแนะนำให้แจ้งอาการกับแพทย์เจ้าของไข้ที่ดูแลประจำดูก่อนเพื่อปรับเปลี่ยนยา นอกจากนั้นหมอแนะนำให้ปรึกษาจิตแพทย์เพื่อทำจิตบำบัดควบคุ๋กันไปด้วย หรือคนไข้สามารถดูบริการปรึกษานักจิตบำบัด หรือพบจิตแพทย์ออนไลน์ได้ที่ลิ้งค์นี้ https://mall.agnoshealth.com/mental-health-subscription/ | Symptom: เสี่ยงต่อโรคซึมเศร้า (Major depressive disorder) | Key1: เศร้า | Key2: ท้อแท้ | Key3: ร้องไห้ง่าย | Doctor: ปภพ ชัยวัฒโนดม
มีอาการถ่ายเป็นสีปกติแต่มีเลือดหยดเยอะและมีเลือดติดอุจจาระนิดหน่อย ถ่ายแข็งมีอาการแสบท้องนิดหน่อย ตอนถ่ายมีอาการเหมือนอะไรบาดที่รูทวาร ถ่ายเสร็จมีอาการแสบ ปวดตุบๆที่ก้น,ถ่ายเป็นเลือดสด,แสบท้อง,ถ่ายปนเลือด,แผลที่ขอบทวารหนัก (Anal fissure),มีโอกาสเป็นทั้งแผลที่ขอบทวารหนักและริดสีดวงทวารครับ เบื้องต้นถ้าเลือดไม่ได้ออกตลอด ไม่ได้ปวดเยอะสามารถรักษาเองโดยการทานแก้ปวดไปก่อนได้ครับ การปฎิบัติตัวที่แนะนำคือพยายามทำให้ไม่มีอาการท้องผูก เพราะสามารถทำให้อาการของโรครุนแรงขึ้นได้ครับ ถ้าไม่มีการเบ่งถ่ายอุจจาระและไม่มีท้องผูกส่วนใหญ่อาการจะดีขึ้นได้เองครับ,นราวิชญ์ จันทวรรณ,Question: มีอาการถ่ายเป็นสีปกติแต่มีเลือดหยดเยอะและมีเลือดติดอุจจาระนิดหน่อย ถ่ายแข็งมีอาการแสบท้องนิดหน่อย ตอนถ่ายมีอาการเหมือนอะไรบาดที่รูทวาร ถ่ายเสร็จมีอาการแสบ ปวดตุบๆที่ก้น | Answers: มีโอกาสเป็นทั้งแผลที่ขอบทวารหนักและริดสีดวงทวารครับ เบื้องต้นถ้าเลือดไม่ได้ออกตลอด ไม่ได้ปวดเยอะสามารถรักษาเองโดยการทานแก้ปวดไปก่อนได้ครับ การปฎิบัติตัวที่แนะนำคือพยายามทำให้ไม่มีอาการท้องผูก เพราะสามารถทำให้อาการของโรครุนแรงขึ้นได้ครับ ถ้าไม่มีการเบ่งถ่ายอุจจาระและไม่มีท้องผูกส่วนใหญ่อาการจะดีขึ้นได้เองครับ | Symptom: แผลที่ขอบทวารหนัก (Anal fissure) | Key1: ถ่ายเป็นเลือดสด | Key2: แสบท้อง | Key3: ถ่ายปนเลือด | Doctor: นราวิชญ์ จันทวรรณ
สอบถามค่ะ มีอาการเลือดออกกระปริบกระปรอยช่วงก่อนรอบเดือนค่ะ (รอบเดือนวันสุดท้าย 30/10) โดยมีเลือดออกตั้งแต่วันที่ 13/11 - ปัจจุบัน (4 วัน) ปริมาณไม่มาก ( ไม่เต็มแผ่น) ไม่มีอาการอื่นร่วมรุนแรง มีปวดท้องนิดหน่อย ไม่มีเรื่องเพศสัมพันธ์ ไม่ได้ทานยาคุม ไม่แน่ใจว่าเป็นประจำเดือนก่อนกำหนดหรือไม่ ขอบคุณค่ะ,แสบท้อง,เลือดออกผิดปกติทางช่องคลอด,ประจำเดือนมามากผิดปกติ,ภาวะเลือดออกผิดปกติจากโพรงมดลูก (Abnormal uterine bleeding unspecified),สันนิษฐานว่าอาจเกิดจากภาวะฮอร์โมนเพศที่แปรปรวนซึ่งมีสาเหตุได้หลากหลายมากๆครับ การปกติตัวสามารถสังเกตุอาการไปก่อนได้ ถ้าไม่ได้ออกต่อเนื่องเกิน 7 วัน ไม่ได้มีอาการปวดท้องมากๆ หรือมีไข้ร่วมด้วยครับ ถ้าไม่มีอาการดังกล่าวสามารถรอดูไปถึงรอบเดือนถัดๆไปว่ากลับมสเป็นปกติไหมครับ,นราวิชญ์ จันทวรรณ,Question: สอบถามค่ะ มีอาการเลือดออกกระปริบกระปรอยช่วงก่อนรอบเดือนค่ะ (รอบเดือนวันสุดท้าย 30/10) โดยมีเลือดออกตั้งแต่วันที่ 13/11 - ปัจจุบัน (4 วัน) ปริมาณไม่มาก ( ไม่เต็มแผ่น) ไม่มีอาการอื่นร่วมรุนแรง มีปวดท้องนิดหน่อย ไม่มีเรื่องเพศสัมพันธ์ ไม่ได้ทานยาคุม ไม่แน่ใจว่าเป็นประจำเดือนก่อนกำหนดหรือไม่ ขอบคุณค่ะ | Answers: สันนิษฐานว่าอาจเกิดจากภาวะฮอร์โมนเพศที่แปรปรวนซึ่งมีสาเหตุได้หลากหลายมากๆครับ การปกติตัวสามารถสังเกตุอาการไปก่อนได้ ถ้าไม่ได้ออกต่อเนื่องเกิน 7 วัน ไม่ได้มีอาการปวดท้องมากๆ หรือมีไข้ร่วมด้วยครับ ถ้าไม่มีอาการดังกล่าวสามารถรอดูไปถึงรอบเดือนถัดๆไปว่ากลับมสเป็นปกติไหมครับ | Symptom: ภาวะเลือดออกผิดปกติจากโพรงมดลูก (Abnormal uterine bleeding unspecified) | Key1: แสบท้อง | Key2: เลือดออกผิดปกติทางช่องคลอด | Key3: ประจำเดือนมามากผิดปกติ | Doctor: นราวิชญ์ จันทวรรณ
มีอาการเศร้าโศกเสียใจ อยู่ก็ร้องไห้ ท้อแท้ หดหู่,เศร้า,ท้อแท้,ร้องไห้ง่าย,เสี่ยงต่อโรคซึมเศร้า (Major depressive disorder),สวัสดีครับ อาการของคนไข้ มีโอกาสเสี่ยงสูงต่อภาวะซึมเศร้าครับ อาการต่างๆเกิดขึ้นจากความผิดปกติของสารสื่อประสาทในสมอง การรักษาหลักจะเป็นการทานยา ร่วมกับการทำจิดจิตบำบัดโดยจิตแพทย์หรือนักจิตบำบัดครับ เบื้องต้นหมอแนะนำให้ไปปรึกษาจิตแพทย์ที่โรงพยาบาลตามสิทธิรักษา หรือสามารถดูบริการปรึกษานักจิตบำบัด หรือพบจิตแพทย์ออนไลน์ได้ที่ลิ้งค์นี้ครับ https://mall.agnoshealth.com/mental-health-subscription/,ปภพ ชัยวัฒโนดม,Question: มีอาการเศร้าโศกเสียใจ อยู่ก็ร้องไห้ ท้อแท้ หดหู่ | Answers: สวัสดีครับ อาการของคนไข้ มีโอกาสเสี่ยงสูงต่อภาวะซึมเศร้าครับ อาการต่างๆเกิดขึ้นจากความผิดปกติของสารสื่อประสาทในสมอง การรักษาหลักจะเป็นการทานยา ร่วมกับการทำจิดจิตบำบัดโดยจิตแพทย์หรือนักจิตบำบัดครับ เบื้องต้นหมอแนะนำให้ไปปรึกษาจิตแพทย์ที่โรงพยาบาลตามสิทธิรักษา หรือสามารถดูบริการปรึกษานักจิตบำบัด หรือพบจิตแพทย์ออนไลน์ได้ที่ลิ้งค์นี้ครับ https://mall.agnoshealth.com/mental-health-subscription/ | Symptom: เสี่ยงต่อโรคซึมเศร้า (Major depressive disorder) | Key1: เศร้า | Key2: ท้อแท้ | Key3: ร้องไห้ง่าย | Doctor: ปภพ ชัยวัฒโนดม
เราสามารถปรึกษาออนไลน์ได้ไหมคะ,เศร้า,ท้อแท้,ร้องไห้ง่าย,เสี่ยงต่อโรคซึมเศร้า (Major depressive disorder),สวัสดีครับ อาการที่คนไข้แจ้งมีโอกาสเสี่ยงต่อการเป็นภาวะซึมเศร้าครับ คนไข้สามารถดูบริการปรึกษานักจิตบำบัด หรือพบจิตแพทย์ออนไลน์ได้ที่ลิ้งค์นี้ https://mall.agnoshealth.com/mental-health-subscription/ หรือต้องการทำนัดหมายพบจิตแพทย์ที่โรงพยาบาลเอกชนหรือคลินิก สามารถค้นหาได้ที่ลิ้งค์นี้ครับ https://bit.ly/3usT7yZ,ปภพ ชัยวัฒโนดม,Question: เราสามารถปรึกษาออนไลน์ได้ไหมคะ | Answers: สวัสดีครับ อาการที่คนไข้แจ้งมีโอกาสเสี่ยงต่อการเป็นภาวะซึมเศร้าครับ คนไข้สามารถดูบริการปรึกษานักจิตบำบัด หรือพบจิตแพทย์ออนไลน์ได้ที่ลิ้งค์นี้ https://mall.agnoshealth.com/mental-health-subscription/ หรือต้องการทำนัดหมายพบจิตแพทย์ที่โรงพยาบาลเอกชนหรือคลินิก สามารถค้นหาได้ที่ลิ้งค์นี้ครับ https://bit.ly/3usT7yZ | Symptom: เสี่ยงต่อโรคซึมเศร้า (Major depressive disorder) | Key1: เศร้า | Key2: ท้อแท้ | Key3: ร้องไห้ง่าย | Doctor: ปภพ ชัยวัฒโนดม
จะแน่ใจได้ยังไงคะว่าจะเป็นหรือไม่เป็น แล้วถ้าเป็นขึ้นมาจะทำไงดีคะ,เสี่ยงต่อโรคซึมเศร้า,นอนหลับยาก,วิตกกังวล,เสี่ยงต่อโรคซึมเศร้า (Major depressive disorder),สวัสดัครับ ขอแนะนำว่าอย่างนี้ครับ ถ้าอาการที่เป็นอยู่ส่งผลต่อชีวิตประจำวันแล้ว จะบ่งบอกว่าอาการค่อนข้างรุนแรง แนะนำให้ปรึกษาจิตแพทย์ครับผม และถึงแม้จะเป็นหรือไม่เป็นโรคก็แนะนำปรึกษาครับ เพราะปัญหาได้เกิดขึ้นแล้ว,นราวิชญ์ จันทวรรณ,Question: จะแน่ใจได้ยังไงคะว่าจะเป็นหรือไม่เป็น แล้วถ้าเป็นขึ้นมาจะทำไงดีคะ | Answers: สวัสดัครับ ขอแนะนำว่าอย่างนี้ครับ ถ้าอาการที่เป็นอยู่ส่งผลต่อชีวิตประจำวันแล้ว จะบ่งบอกว่าอาการค่อนข้างรุนแรง แนะนำให้ปรึกษาจิตแพทย์ครับผม และถึงแม้จะเป็นหรือไม่เป็นโรคก็แนะนำปรึกษาครับ เพราะปัญหาได้เกิดขึ้นแล้ว | Symptom: เสี่ยงต่อโรคซึมเศร้า (Major depressive disorder) | Key1: เสี่ยงต่อโรคซึมเศร้า | Key2: นอนหลับยาก | Key3: วิตกกังวล | Doctor: นราวิชญ์ จันทวรรณ
สามารถรักษาเองได้ด้วยวิธีไหนบ้างคะ,ปวดบ่า,ปวดหัวไหล่,ออฟฟิศซินโดรม,ออฟฟิศซินโดรม (Office syndrome),"การรักษาด้วยยา หลักๆคือ ยาแก้ปวด ยาแก้อักเสบ และยาคลายกล้ามเนื้อ เช่น Norgesic, Ibuprofen, Naproxen, Mydocalm, Paracetamolการประคบเย็น หรือประคบร้อนบริเวณที่ปวดเพื่อบรรเทาอาการการยืดเหยียดกล้ามเนื้อบริเวณที่มีอาการปวดตึง และการออกกำลังบริหารกล้ามเนื้อแต่ละส่วนอย่างถูกต้อง เพื่อป้องกันการกลับมาเป็นซ้ำการทำกายภาพบำบัด เพื่อบรรเทาอาการปรับอิริยาบถและพฤติกรรมการใช้งานกล้ามเนื้อที่เป็นเหตุให้เกิดโรค คือ ไม่ควรนั่งทำงานท่าเดิมนานๆ ควรเปลี่ยนท่าทางหรือลุกเดินทุก 1 - 2 ชั่วโมง ปรับเปลี่ยนสภาพแวดล้อมที่ทำงานให้เหมาะสม เช่น ระดับของโต๊ะเก้าอี้ หรือคอมพิวเตอร์ เป็นต้น การรักษาด้วยยา หลักๆคือ ยาแก้ปวด ยาแก้อักเสบ และยาคลายกล้ามเนื้อ เช่น Norgesic, Ibuprofen, Naproxen, Mydocalm, Paracetamol การประคบเย็น หรือประคบร้อนบริเวณที่ปวดเพื่อบรรเทาอาการ การยืดเหยียดกล้ามเนื้อบริเวณที่มีอาการปวดตึง และการออกกำลังบริหารกล้ามเนื้อแต่ละส่วนอย่างถูกต้อง เพื่อป้องกันการกลับมาเป็นซ้ำ การทำกายภาพบำบัด เพื่อบรรเทาอาการ ปรับอิริยาบถและพฤติกรรมการใช้งานกล้ามเนื้อที่เป็นเหตุให้เกิดโรค คือ ไม่ควรนั่งทำงานท่าเดิมนานๆ ควรเปลี่ยนท่าทางหรือลุกเดินทุก 1 - 2 ชั่วโมง ปรับเปลี่ยนสภาพแวดล้อมที่ทำงานให้เหมาะสม เช่น ระดับของโต๊ะเก้าอี้ หรือคอมพิวเตอร์ เป็นต้น สนใจอ่านต่อได้ที่นี่ครับ https://www.agnoshealth.com/diseases/%E0%B8%AD%E0%B8%AD%E0%B8%9F%E0%B8%9F%E0%B8%B4%E0%B8%A8%E0%B8%8B%E0%B8%B4%E0%B8%99%E0%B9%82%E0%B8%94%E0%B8%A3%E0%B8%A1/office-syndrome",นราวิชญ์ จันทวรรณ,"Question: สามารถรักษาเองได้ด้วยวิธีไหนบ้างคะ | Answers: การรักษาด้วยยา หลักๆคือ ยาแก้ปวด ยาแก้อักเสบ และยาคลายกล้ามเนื้อ เช่น Norgesic, Ibuprofen, Naproxen, Mydocalm, Paracetamolการประคบเย็น หรือประคบร้อนบริเวณที่ปวดเพื่อบรรเทาอาการการยืดเหยียดกล้ามเนื้อบริเวณที่มีอาการปวดตึง และการออกกำลังบริหารกล้ามเนื้อแต่ละส่วนอย่างถูกต้อง เพื่อป้องกันการกลับมาเป็นซ้ำการทำกายภาพบำบัด เพื่อบรรเทาอาการปรับอิริยาบถและพฤติกรรมการใช้งานกล้ามเนื้อที่เป็นเหตุให้เกิดโรค คือ ไม่ควรนั่งทำงานท่าเดิมนานๆ ควรเปลี่ยนท่าทางหรือลุกเดินทุก 1 - 2 ชั่วโมง ปรับเปลี่ยนสภาพแวดล้อมที่ทำงานให้เหมาะสม เช่น ระดับของโต๊ะเก้าอี้ หรือคอมพิวเตอร์ เป็นต้น การรักษาด้วยยา หลักๆคือ ยาแก้ปวด ยาแก้อักเสบ และยาคลายกล้ามเนื้อ เช่น Norgesic, Ibuprofen, Naproxen, Mydocalm, Paracetamol การประคบเย็น หรือประคบร้อนบริเวณที่ปวดเพื่อบรรเทาอาการ การยืดเหยียดกล้ามเนื้อบริเวณที่มีอาการปวดตึง และการออกกำลังบริหารกล้ามเนื้อแต่ละส่วนอย่างถูกต้อง เพื่อป้องกันการกลับมาเป็นซ้ำ การทำกายภาพบำบัด เพื่อบรรเทาอาการ ปรับอิริยาบถและพฤติกรรมการใช้งานกล้ามเนื้อที่เป็นเหตุให้เกิดโรค คือ ไม่ควรนั่งทำงานท่าเดิมนานๆ ควรเปลี่ยนท่าทางหรือลุกเดินทุก 1 - 2 ชั่วโมง ปรับเปลี่ยนสภาพแวดล้อมที่ทำงานให้เหมาะสม เช่น ระดับของโต๊ะเก้าอี้ หรือคอมพิวเตอร์ เป็นต้น สนใจอ่านต่อได้ที่นี่ครับ https://www.agnoshealth.com/diseases/%E0%B8%AD%E0%B8%AD%E0%B8%9F%E0%B8%9F%E0%B8%B4%E0%B8%A8%E0%B8%8B%E0%B8%B4%E0%B8%99%E0%B9%82%E0%B8%94%E0%B8%A3%E0%B8%A1/office-syndrome | Symptom: ออฟฟิศซินโดรม (Office syndrome) | Key1: ปวดบ่า | Key2: ปวดหัวไหล่ | Key3: ออฟฟิศซินโดรม | Doctor: นราวิชญ์ จันทวรรณ"
เจาะไขสันหลังมา 5 วันมีอาการปวกหัวขนะนอนเเละลุกครับ,ปวดลูกตา,ปวดเปลือกตา,ปวดเบ้าตา,ปวดศีรษะไมเกรน (Migraine),สวัสดีครับ อาการปวดศีรษะอาจเป็นผลข้างเคียงภายหลังการเจาะน้ำไขสันหลังได้ครับ เบื้องต้นอาจลองทานยาแก้ปวดทั่วไปก่อนได้ แต่ถ้ายังมีอาการต่อเนื่องไม่หายแม้ทานยาแล้ว ควรกลับไปพบแพทย์เฉพาะทางครับ,นราวิชญ์ จันทวรรณ,Question: เจาะไขสันหลังมา 5 วันมีอาการปวกหัวขนะนอนเเละลุกครับ | Answers: สวัสดีครับ อาการปวดศีรษะอาจเป็นผลข้างเคียงภายหลังการเจาะน้ำไขสันหลังได้ครับ เบื้องต้นอาจลองทานยาแก้ปวดทั่วไปก่อนได้ แต่ถ้ายังมีอาการต่อเนื่องไม่หายแม้ทานยาแล้ว ควรกลับไปพบแพทย์เฉพาะทางครับ | Symptom: ปวดศีรษะไมเกรน (Migraine) | Key1: ปวดลูกตา | Key2: ปวดเปลือกตา | Key3: ปวดเบ้าตา | Doctor: นราวิชญ์ จันทวรรณ
สามารถซื้อยารักษาเองได้มั้ยคะ,ตกขาวผิดปกติ,เชื้อราในช่องคลอด,,เชื้อราในช่องคลอด (Candida vaginitis),สามารถซื้อยาได้เองตามร้านเภสัชกร หรือร้านขายยาทั่วไปครับ บอกกับทางร้านว่าเป็นเชื้อราในช่องคลอดได้เลยครับ,นราวิชญ์ จันทวรรณ,Question: สามารถซื้อยารักษาเองได้มั้ยคะ | Answers: สามารถซื้อยาได้เองตามร้านเภสัชกร หรือร้านขายยาทั่วไปครับ บอกกับทางร้านว่าเป็นเชื้อราในช่องคลอดได้เลยครับ | Symptom: เชื้อราในช่องคลอด (Candida vaginitis) | Key1: ตกขาวผิดปกติ | Key2: เชื้อราในช่องคลอด | Key3:  | Doctor: นราวิชญ์ จันทวรรณ
รักษายากมั้ยค่ะ เพราะถ้ายังเลี้ยงลูกคนเดียว ทำงานไปด้วย เจอคนเจอการกระทำซ้ำไปมา ต้องดูแลตัวเองทุกอย่างพร้อมดูแลคนอื่น ทำใจรักษาลำบากแต่อยากหาย,เศร้า,ท้อแท้,ร้องไห้ง่าย,เสี่ยงต่อโรคอารมณ์สองขั้ว (Bipolar disorder),สวัสดีครับ อาการของคนไข้ มีโอกาสเสี่ยงสูงต่อภาวะซึมเศร้าครับ อาการต่างๆเกิดขึ้นจากความผิดปกติของสารสื่อประสาทในสมอง การรักษาหลักจะเป็นการทานยา ร่วมกับการทำจิดจิตบำบัดโดยจิตแพทย์หรือนักจิตบำบัดครับ การรักษามักใช้เวลาเป็นหลักเดือนครับ แต่หากได้รับยาและการทำจิตบำบัดแล้วอาการจะค่อยๆดีขึ้นแน่นอนครับ เบื้องต้นหมอแนะนำให้ไปปรึกษาจิตแพทย์ที่โรงพยาบาลตามสิทธิรักษา หรือสามารถดูบริการปรึกษานักจิตบำบัด หรือพบจิตแพทย์ออนไลน์ได้ที่ลิ้งค์นี้ครับ https://mall.agnoshealth.com/mental-health-subscription/,ปภพ ชัยวัฒโนดม,Question: รักษายากมั้ยค่ะ เพราะถ้ายังเลี้ยงลูกคนเดียว ทำงานไปด้วย เจอคนเจอการกระทำซ้ำไปมา ต้องดูแลตัวเองทุกอย่างพร้อมดูแลคนอื่น ทำใจรักษาลำบากแต่อยากหาย | Answers: สวัสดีครับ อาการของคนไข้ มีโอกาสเสี่ยงสูงต่อภาวะซึมเศร้าครับ อาการต่างๆเกิดขึ้นจากความผิดปกติของสารสื่อประสาทในสมอง การรักษาหลักจะเป็นการทานยา ร่วมกับการทำจิดจิตบำบัดโดยจิตแพทย์หรือนักจิตบำบัดครับ การรักษามักใช้เวลาเป็นหลักเดือนครับ แต่หากได้รับยาและการทำจิตบำบัดแล้วอาการจะค่อยๆดีขึ้นแน่นอนครับ เบื้องต้นหมอแนะนำให้ไปปรึกษาจิตแพทย์ที่โรงพยาบาลตามสิทธิรักษา หรือสามารถดูบริการปรึกษานักจิตบำบัด หรือพบจิตแพทย์ออนไลน์ได้ที่ลิ้งค์นี้ครับ https://mall.agnoshealth.com/mental-health-subscription/ | Symptom: เสี่ยงต่อโรคอารมณ์สองขั้ว (Bipolar disorder) | Key1: เศร้า | Key2: ท้อแท้ | Key3: ร้องไห้ง่าย | Doctor: ปภพ ชัยวัฒโนดม
อาการตอนนี้เปนเหมือนเดิม จะไปหาหมอ กลัวเป็นแล้วจะดิ่งกว่าเดิม,เศร้า,ท้อแท้,ร้องไห้ง่าย,เสี่ยงต่อโรคซึมเศร้า (Major depressive disorder),สวัสดีครับ อาการของคนไข้ มีโอกาสเสี่ยงสูงต่อภาวะซึมเศร้าครับ อาการต่างๆเกิดขึ้นจากความผิดปกติของสารสื่อประสาทในสมอง การรักษาหลักจะเป็นการทานยา ร่วมกับการทำจิดจิตบำบัดโดยจิตแพทย์หรือนักจิตบำบัดครับ เบื้องต้นหากอาการรบกวนการใช้ชีวิตประจำวันและการทำงาน หมอแนะนำให้ไปปรึกษาจิตแพทย์ที่คนไข้เคยรักษา หรือไปพบจิตแพทย์ที่โรงพยาบาลตามสิทธิรักษา หรือสามารถดูบริการปรึกษานักจิตบำบัด หรือพบจิตแพทย์ออนไลน์ได้ที่ลิ้งค์นี้ครับ https://mall.agnoshealth.com/mental-health-subscription/,ปภพ ชัยวัฒโนดม,Question: อาการตอนนี้เปนเหมือนเดิม จะไปหาหมอ กลัวเป็นแล้วจะดิ่งกว่าเดิม | Answers: สวัสดีครับ อาการของคนไข้ มีโอกาสเสี่ยงสูงต่อภาวะซึมเศร้าครับ อาการต่างๆเกิดขึ้นจากความผิดปกติของสารสื่อประสาทในสมอง การรักษาหลักจะเป็นการทานยา ร่วมกับการทำจิดจิตบำบัดโดยจิตแพทย์หรือนักจิตบำบัดครับ เบื้องต้นหากอาการรบกวนการใช้ชีวิตประจำวันและการทำงาน หมอแนะนำให้ไปปรึกษาจิตแพทย์ที่คนไข้เคยรักษา หรือไปพบจิตแพทย์ที่โรงพยาบาลตามสิทธิรักษา หรือสามารถดูบริการปรึกษานักจิตบำบัด หรือพบจิตแพทย์ออนไลน์ได้ที่ลิ้งค์นี้ครับ https://mall.agnoshealth.com/mental-health-subscription/ | Symptom: เสี่ยงต่อโรคซึมเศร้า (Major depressive disorder) | Key1: เศร้า | Key2: ท้อแท้ | Key3: ร้องไห้ง่าย | Doctor: ปภพ ชัยวัฒโนดม
ตอนนี้หนูดิ่งมากๆหนูอยากได้คนที่เข้าใจรับคำปรึกษาของหนูหนูรักษาตัวอยู่แต่พึ่งเริ่มกินยาแต่ยังไม่ดีขึ้นตอนนี้หนูเหนื่อยกับตัวเองหนูเกลียดตัวเองที่เป็นแบบนี้,วิตกกังวล,คิดมาก,หยุดคิดไม่ได้,เสี่ยงต่อโรคทางอารมณ์ที่มีภาวะแทรกซ้อน (Mood disorder with psychotic feature unspecified),สวัสดีครับ อาการของคนไข้ มีโอกาสเสี่ยงสูงต่อภาวะซึมเศร้าครับ อาการต่างๆเกิดขึ้นจากความผิดปกติของสารสื่อประสาทในสมอง การรักษาหลักจะเป็นการทานยา ร่วมกับการทำจิดจิตบำบัดโดยจิตแพทย์หรือนักจิตบำบัดครับ เบื้องต้นหมอไม่แนะนำให้ซื้อยาทานเอง เนื่องจากโรคนี้มียารักษาหลายชนิด แต่ละชนิดมีประสิทธิภาพและผลข้างเคียงที่แตกต่างกัน ควรทานยาภายใต้การติดตามผลโดยจิตแพทย์ครับ หมอแนะนำให้ไปปรึกษาจิตแพทย์ที่โรงพยาบาลตามสิทธิรักษา หรือสามารถดูบริการปรึกษานักจิตบำบัด หรือพบจิตแพทย์ออนไลน์ได้ที่ลิ้งค์นี้ครับ https://mall.agnoshealth.com/mental-health-subscription/,ปภพ ชัยวัฒโนดม,Question: ตอนนี้หนูดิ่งมากๆหนูอยากได้คนที่เข้าใจรับคำปรึกษาของหนูหนูรักษาตัวอยู่แต่พึ่งเริ่มกินยาแต่ยังไม่ดีขึ้นตอนนี้หนูเหนื่อยกับตัวเองหนูเกลียดตัวเองที่เป็นแบบนี้ | Answers: สวัสดีครับ อาการของคนไข้ มีโอกาสเสี่ยงสูงต่อภาวะซึมเศร้าครับ อาการต่างๆเกิดขึ้นจากความผิดปกติของสารสื่อประสาทในสมอง การรักษาหลักจะเป็นการทานยา ร่วมกับการทำจิดจิตบำบัดโดยจิตแพทย์หรือนักจิตบำบัดครับ เบื้องต้นหมอไม่แนะนำให้ซื้อยาทานเอง เนื่องจากโรคนี้มียารักษาหลายชนิด แต่ละชนิดมีประสิทธิภาพและผลข้างเคียงที่แตกต่างกัน ควรทานยาภายใต้การติดตามผลโดยจิตแพทย์ครับ หมอแนะนำให้ไปปรึกษาจิตแพทย์ที่โรงพยาบาลตามสิทธิรักษา หรือสามารถดูบริการปรึกษานักจิตบำบัด หรือพบจิตแพทย์ออนไลน์ได้ที่ลิ้งค์นี้ครับ https://mall.agnoshealth.com/mental-health-subscription/ | Symptom: เสี่ยงต่อโรคทางอารมณ์ที่มีภาวะแทรกซ้อน (Mood disorder with psychotic feature unspecified) | Key1: วิตกกังวล | Key2: คิดมาก | Key3: หยุดคิดไม่ได้ | Doctor: ปภพ ชัยวัฒโนดม
อยากสอบถามคุณหมอค่ะตอนนี้หนูเป็นก้อนที่ขาหนีบปวดมากๆค่ะมีไข้ด้วยแต่ช่วงหลังๆมาไข้ไม่มีแล้วมีแต่ไอตลอดเวลาเลยค่ะมีอาการท้องผูกท้องอืดค่ะไม่ปวดท้องแต่ขับถ่ายได้ค่ะแต่ไม่เยอะผายลมได้ค่ะและได้ไปจรวจที่โรงพยาบาลคุณหมอวินิจฉัยว่าเป็นต่อมน้ำเหลืองโตค่ะให้ยาแก้อักเสบยาปฏิชิวนะยาฆ่าเชื้อและยาหลายๆอย่างมากินค่ะตอนนี้หนูงงและสับสนไปหมดแล้วค่ะว่าหนูเป็นโรคอะไรกันแน่คะคุณหมอช่วยบอกและอธิบายให้หนูหน่อยค่ะเป็นมาได้2-3อาทิตย์แล้วค่ะ,แสบท้อง,ไอ,ก้อนบริเวณขาหนีบ,ไส้เลื่อนขาหนีบที่มีภาวะแทรกซ้อน (Complicated Inguinal Hernia),ก้อนที่ขาหนีบ มีโรคที่พบเจอได้บ่อยๆคือ ก้อนต่อมน้ำเหลืองซึ่งลักษณะโดยปกติจะสามารถคลำได้ก้อนที่ชัดเจนขนาดไม่เกิน 1-2 เซนติเมตร และความแข็งคล้ายก้อนยางลบ ส่วนอีกอันที่พบเจอได้บ่อยเช่นกันคือก้อนไส้เลื่อนแต่มีลักษณะที่แตกต่างชัดเจนคือถ้าเป็นไส้เลื่อนก้อนมักจะผลุบๆโผล่ๆ ขนาดประมาณ 4 เซนติเมตรขึ้นไปและไม่มีขอบของก้อนที่ชัดเจน,นราวิชญ์ จันทวรรณ,Question: อยากสอบถามคุณหมอค่ะตอนนี้หนูเป็นก้อนที่ขาหนีบปวดมากๆค่ะมีไข้ด้วยแต่ช่วงหลังๆมาไข้ไม่มีแล้วมีแต่ไอตลอดเวลาเลยค่ะมีอาการท้องผูกท้องอืดค่ะไม่ปวดท้องแต่ขับถ่ายได้ค่ะแต่ไม่เยอะผายลมได้ค่ะและได้ไปจรวจที่โรงพยาบาลคุณหมอวินิจฉัยว่าเป็นต่อมน้ำเหลืองโตค่ะให้ยาแก้อักเสบยาปฏิชิวนะยาฆ่าเชื้อและยาหลายๆอย่างมากินค่ะตอนนี้หนูงงและสับสนไปหมดแล้วค่ะว่าหนูเป็นโรคอะไรกันแน่คะคุณหมอช่วยบอกและอธิบายให้หนูหน่อยค่ะเป็นมาได้2-3อาทิตย์แล้วค่ะ | Answers: ก้อนที่ขาหนีบ มีโรคที่พบเจอได้บ่อยๆคือ ก้อนต่อมน้ำเหลืองซึ่งลักษณะโดยปกติจะสามารถคลำได้ก้อนที่ชัดเจนขนาดไม่เกิน 1-2 เซนติเมตร และความแข็งคล้ายก้อนยางลบ ส่วนอีกอันที่พบเจอได้บ่อยเช่นกันคือก้อนไส้เลื่อนแต่มีลักษณะที่แตกต่างชัดเจนคือถ้าเป็นไส้เลื่อนก้อนมักจะผลุบๆโผล่ๆ ขนาดประมาณ 4 เซนติเมตรขึ้นไปและไม่มีขอบของก้อนที่ชัดเจน | Symptom: ไส้เลื่อนขาหนีบที่มีภาวะแทรกซ้อน (Complicated Inguinal Hernia) | Key1: แสบท้อง | Key2: ไอ | Key3: ก้อนบริเวณขาหนีบ | Doctor: นราวิชญ์ จันทวรรณ
อาการ - ท้องเสียมาตั้งแต่วันที่ 24 ตุลาคม - ไม่มีอาการปวดท้อง - ถ่ายคล่อง - เบื่ออาหาร - ทานได้น้อยลง - น้ำหนักตัวลดลง 3.2 กิโลกรัม (ภายใน 1-2 สัปดาห์ จากปกติส่วนสูง175น้ำหนัก 82.1 ชั่งล่าสุดวันนี้ 78.9) - เริ่มแรกอุจจาระมีสีน้ำตาลเข้ม+เหลืองบางครั้งมีสีเขียวปนมาด้วย บางครั้งเหลว บ้างครั้งกึ่งแข็งกึ่งเหลว ล่าสุดวันนี้มีมูกสีใสปนมาด้วยเล็กน้อย ประวัติ - เพศชาย อายุ 25 ปี - คนในครอบครัวไม่มีประวัติมะเร็ง (คุณยายมีประวัติเนื้องอกที่สมอง แต่ไม่ได้เป็นเนื้อร้าย ผ่าตัดแล้วหายปกติ) - ทานปิ้งย่างเดือน 1-2 ครั้ง - ทานผักเป็นประจำ ทานอาหารแปรรูปประมาณ 2-3 มื้อ/1สัปดาห์ - ดื่มน้ำค่อนข้างน้อย (แต่ช่วงนี้พยายามดื่มให้ถึง2ลิตร) - ช่วงนี้เครียดและวิตกกังวลหนักทั้งเรื่องสุขภาพและงาน - พักผ่อนประมาณ 5-7 ชั่วโมงต่อวัน เวลานอนปกติคือ 24.00 - 02.00 น. ตื่นประมาณ 07.00 - 08.00 น. - ปกติจะท้องเสียบ่อย ใน 1 เดือนจะท้องเสียประมาณ 1-4 ครั้ง ครั้งละประมาณ 1-3 วัน ส่วนเรื่องท้องผูกจะไม่ค่อยเป็น นานๆถึงจะท้องผูกสักที - เพิ่งรักษารากฟันมาเมื่อวันจันทร์ที่ 23 ตุลาคม ต้องทานยาไอบูโพรเฟน 1 สัปดาห์ติดป้องกันการอ,แสบท้อง,ถ่ายเหลว,ท้องเสีย,ลำไส้อักเสบ (Non-bacterial gastroenteritis),อาการท้องเสียโดยทั่วไปสามารถหายได้เองครับ สิ่งสำคัญแค่ควรระวังเรื่องการขาดน้ำและสารอาหาร แต่ถ้ามีมูกร่วมด้วยมักคิดถึงการติดเชื้อแบคทีเรีย ควรทางยาฆ่าเชื้อร่วมด้วย ส่วนจากประวัติอาการที่น่ากังวลคือการมีท้องเสียบ่อยๆ และน้ำหนักลดค่อนข้างเร็ว ซึ่งควรหาสาเหตุเพิ่มเติมว่าทำไมถึงมีอาการท้องเสียบ่อยๆ แนะนำให้ปรึกษาแพทย์อายุรกรรมทางเดินอาหารเพิ่มเติม เนื่องจากอาจต้องมีการตรวจทางห้องปฎิบัติการเพิ่มเติมหลายอย่างครับ,นราวิชญ์ จันทวรรณ,Question: อาการ - ท้องเสียมาตั้งแต่วันที่ 24 ตุลาคม - ไม่มีอาการปวดท้อง - ถ่ายคล่อง - เบื่ออาหาร - ทานได้น้อยลง - น้ำหนักตัวลดลง 3.2 กิโลกรัม (ภายใน 1-2 สัปดาห์ จากปกติส่วนสูง175น้ำหนัก 82.1 ชั่งล่าสุดวันนี้ 78.9) - เริ่มแรกอุจจาระมีสีน้ำตาลเข้ม+เหลืองบางครั้งมีสีเขียวปนมาด้วย บางครั้งเหลว บ้างครั้งกึ่งแข็งกึ่งเหลว ล่าสุดวันนี้มีมูกสีใสปนมาด้วยเล็กน้อย ประวัติ - เพศชาย อายุ 25 ปี - คนในครอบครัวไม่มีประวัติมะเร็ง (คุณยายมีประวัติเนื้องอกที่สมอง แต่ไม่ได้เป็นเนื้อร้าย ผ่าตัดแล้วหายปกติ) - ทานปิ้งย่างเดือน 1-2 ครั้ง - ทานผักเป็นประจำ ทานอาหารแปรรูปประมาณ 2-3 มื้อ/1สัปดาห์ - ดื่มน้ำค่อนข้างน้อย (แต่ช่วงนี้พยายามดื่มให้ถึง2ลิตร) - ช่วงนี้เครียดและวิตกกังวลหนักทั้งเรื่องสุขภาพและงาน - พักผ่อนประมาณ 5-7 ชั่วโมงต่อวัน เวลานอนปกติคือ 24.00 - 02.00 น. ตื่นประมาณ 07.00 - 08.00 น. - ปกติจะท้องเสียบ่อย ใน 1 เดือนจะท้องเสียประมาณ 1-4 ครั้ง ครั้งละประมาณ 1-3 วัน ส่วนเรื่องท้องผูกจะไม่ค่อยเป็น นานๆถึงจะท้องผูกสักที - เพิ่งรักษารากฟันมาเมื่อวันจันทร์ที่ 23 ตุลาคม ต้องทานยาไอบูโพรเฟน 1 สัปดาห์ติดป้องกันการอ | Answers: อาการท้องเสียโดยทั่วไปสามารถหายได้เองครับ สิ่งสำคัญแค่ควรระวังเรื่องการขาดน้ำและสารอาหาร แต่ถ้ามีมูกร่วมด้วยมักคิดถึงการติดเชื้อแบคทีเรีย ควรทางยาฆ่าเชื้อร่วมด้วย ส่วนจากประวัติอาการที่น่ากังวลคือการมีท้องเสียบ่อยๆ และน้ำหนักลดค่อนข้างเร็ว ซึ่งควรหาสาเหตุเพิ่มเติมว่าทำไมถึงมีอาการท้องเสียบ่อยๆ แนะนำให้ปรึกษาแพทย์อายุรกรรมทางเดินอาหารเพิ่มเติม เนื่องจากอาจต้องมีการตรวจทางห้องปฎิบัติการเพิ่มเติมหลายอย่างครับ | Symptom: ลำไส้อักเสบ (Non-bacterial gastroenteritis) | Key1: แสบท้อง | Key2: ถ่ายเหลว | Key3: ท้องเสีย | Doctor: นราวิชญ์ จันทวรรณ
ต่อมน้ำเหลืองแตกต้องทำยังไงคะ,ก้อนที่คอ,วัณโรคต่อมน้ำเหลือง,,วัณโรคต่อมน้ำเหลือง (TB lymph node),ทางที่ดีที่สุดคือไปทำแผลที่สถานพยาบาล และประเมินภาวะแทรกซ้อนเพิ่มเติมครับ,นราวิชญ์ จันทวรรณ,Question: ต่อมน้ำเหลืองแตกต้องทำยังไงคะ | Answers: ทางที่ดีที่สุดคือไปทำแผลที่สถานพยาบาล และประเมินภาวะแทรกซ้อนเพิ่มเติมครับ | Symptom: วัณโรคต่อมน้ำเหลือง (TB lymph node) | Key1: ก้อนที่คอ | Key2: วัณโรคต่อมน้ำเหลือง | Key3:  | Doctor: นราวิชญ์ จันทวรรณ
ขึ้นตรงอวัยวะเพศเป็นแผลริมอ่อนสามารถหายเงขึ้นตรงอวัยวะเพศเป็นแผลริมอ่อนสามารถหายเองได้มั้ยคะ,ปัสสาวะแสบขัด,เจ็บเวลาปัสสาวะ,ติดเชื้อพยาธิในช่องคลอด,ติดเชื้อพยาธิในช่องคลอด (Trichomonas vaginitis),ส่วนใหญ่แล้ว ถ้าเป็นแผลริมอ่อน หรือติดเชื้อในช่องคลอดจะไม่หายเองครับ แนะนำพบหมอนรีเวช เพื่อยืนยันตัวเชื้อโรคเพื่อที่จะได้รับยาที่เหมาะสมครับ,นราวิชญ์ จันทวรรณ,Question: ขึ้นตรงอวัยวะเพศเป็นแผลริมอ่อนสามารถหายเงขึ้นตรงอวัยวะเพศเป็นแผลริมอ่อนสามารถหายเองได้มั้ยคะ | Answers: ส่วนใหญ่แล้ว ถ้าเป็นแผลริมอ่อน หรือติดเชื้อในช่องคลอดจะไม่หายเองครับ แนะนำพบหมอนรีเวช เพื่อยืนยันตัวเชื้อโรคเพื่อที่จะได้รับยาที่เหมาะสมครับ | Symptom: ติดเชื้อพยาธิในช่องคลอด (Trichomonas vaginitis) | Key1: ปัสสาวะแสบขัด | Key2: เจ็บเวลาปัสสาวะ | Key3: ติดเชื้อพยาธิในช่องคลอด | Doctor: นราวิชญ์ จันทวรรณ
เป็นแผลคล้ายๆร้อนในบริเวณแคมใหญ่มีอาการแสบคันและเจ็บ ถ้ากินเป็นยาอะม็อกซีซิลลินจะหายรึป่าวคะ,ปัสสาวะออกเยอะ,ปัสสาวะบ่อย,เชื้อราในช่องคลอด,เชื้อราในช่องคลอด (Candida vaginitis),ยา amoxicilin ไม่ได้เป็นยารักษาของแผลที่อวัยวะเพศนะครับ การใช้ยารักษามีหลายขนาน และแต่ละขนานก็มียาหลายตัวครับ แนะนำว่าควรพบแพทย์เพื่มเติมก่อนเพื่อยืนยันเชื้อโรคและจะได้ใช้ยาได้ถูกกับเชื้อโรคมากขึ้นครับ,นราวิชญ์ จันทวรรณ,Question: เป็นแผลคล้ายๆร้อนในบริเวณแคมใหญ่มีอาการแสบคันและเจ็บ ถ้ากินเป็นยาอะม็อกซีซิลลินจะหายรึป่าวคะ | Answers: ยา amoxicilin ไม่ได้เป็นยารักษาของแผลที่อวัยวะเพศนะครับ การใช้ยารักษามีหลายขนาน และแต่ละขนานก็มียาหลายตัวครับ แนะนำว่าควรพบแพทย์เพื่มเติมก่อนเพื่อยืนยันเชื้อโรคและจะได้ใช้ยาได้ถูกกับเชื้อโรคมากขึ้นครับ | Symptom: เชื้อราในช่องคลอด (Candida vaginitis) | Key1: ปัสสาวะออกเยอะ | Key2: ปัสสาวะบ่อย | Key3: เชื้อราในช่องคลอด | Doctor: นราวิชญ์ จันทวรรณ
"มีโอกาศเป็น""ไข้หูดับ""ไหมครับ มีอาการคันคอและปวดหัว,ตัว,หลัง ร่วมด้วยครับ พอดีส่วนตัวผมได้กินเนื้อหมูสุกๆดิบๆมาตอนอาทิตย์ที่แล้วด้วยครับ",ไข้,คอแดง,ตัวร้อน,ไข้หวัดใหญ่ (Influenza),โอกาสไม่ใช่ศุนย์เปอร์เซนครับ แต่น่าจะเป็นไปได้น้อย ยกเว้นว่ามีอาการหูดับร่วมด้วย อาการเท่าที่เล่ามาเข้าได้กับไข้หวัดใหญ่ที่ตอนนี้ระบาดอยู่และแอพลิเคชั่นประเมินมากกว่าครับ,นราวิชญ์ จันทวรรณ,"Question: มีโอกาศเป็น""ไข้หูดับ""ไหมครับ มีอาการคันคอและปวดหัว,ตัว,หลัง ร่วมด้วยครับ พอดีส่วนตัวผมได้กินเนื้อหมูสุกๆดิบๆมาตอนอาทิตย์ที่แล้วด้วยครับ | Answers: โอกาสไม่ใช่ศุนย์เปอร์เซนครับ แต่น่าจะเป็นไปได้น้อย ยกเว้นว่ามีอาการหูดับร่วมด้วย อาการเท่าที่เล่ามาเข้าได้กับไข้หวัดใหญ่ที่ตอนนี้ระบาดอยู่และแอพลิเคชั่นประเมินมากกว่าครับ | Symptom: ไข้หวัดใหญ่ (Influenza) | Key1: ไข้ | Key2: คอแดง | Key3: ตัวร้อน | Doctor: นราวิชญ์ จันทวรรณ"
มีตุ่ม คิดว่าเป็นหูดขนาดไม่เกิน 5 mm ขึ้นที่โคนอวัยวะและหนังหุ้มอวัยวะเพศชาย ตอนขึ้นเม็ดแรกผมลองบีบออกมามีลักษณะคล้ายก้อนเนื้อ ไม่มีอาการเจ็บหรือคัน ผ่านมา1สัปดาห์ มีเพิ่มเป็น8ตุ่ม ผมเลยไปซื้อยากิน(Acyclovir USP)และยาทา(Vilerm) มาใช้ ผมใช้ยาถูกไหม สามารักษาด้วยตัวเองได้ไหม หรือมีข้อแนะนำไหมครับ,หูดหงอนไก่,,,หูดหงอนไก่ (Condyloma accuminata),ถ้าเป็นหูดหงอนไก่ ยาที่กล่าวมาจะรักษาไม่ได้ครับ มียาทาสำหรับหูดหงอนไก่อยู่ หาได้ตามร้านขายยาครับผม,นราวิชญ์ จันทวรรณ,Question: มีตุ่ม คิดว่าเป็นหูดขนาดไม่เกิน 5 mm ขึ้นที่โคนอวัยวะและหนังหุ้มอวัยวะเพศชาย ตอนขึ้นเม็ดแรกผมลองบีบออกมามีลักษณะคล้ายก้อนเนื้อ ไม่มีอาการเจ็บหรือคัน ผ่านมา1สัปดาห์ มีเพิ่มเป็น8ตุ่ม ผมเลยไปซื้อยากิน(Acyclovir USP)และยาทา(Vilerm) มาใช้ ผมใช้ยาถูกไหม สามารักษาด้วยตัวเองได้ไหม หรือมีข้อแนะนำไหมครับ | Answers: ถ้าเป็นหูดหงอนไก่ ยาที่กล่าวมาจะรักษาไม่ได้ครับ มียาทาสำหรับหูดหงอนไก่อยู่ หาได้ตามร้านขายยาครับผม | Symptom: หูดหงอนไก่ (Condyloma accuminata) | Key1: หูดหงอนไก่ | Key2:  | Key3:  | Doctor: นราวิชญ์ จันทวรรณ
ผ่าตัดหูดหงอนไก่ออกได้10วันแล้วครับ แผลเปิดเล็กๆ แต่วันนี้ตอนขับถ่าย มีเลือดไหลออกมาเยอะมากเลย อาจจะแผลปริหรือครับ หรือมีอะไรแทรกซ้อนที่ร้ายแรงกว่านั้นไหมครับ เลือดไม่ได้ออกเป็นหยด แต่ออกเป็นเลือดสดๆเลย,ก้อนบริเวณทวารหนัก,หูดหงอนไก่,,หูดหงอนไก่ (Condyloma accuminata),ถ้าแผลผ่าตัดแยก ควรไปรพ.เพื่อประเมินแผลครับ แต่ถ้าเลือดออกเล็กน้อยแต่หยุดเอง ตรงแผลสมานกันสนิทดี ส่วนใหญ่จะหายได้เองครับ,นราวิชญ์ จันทวรรณ,Question: ผ่าตัดหูดหงอนไก่ออกได้10วันแล้วครับ แผลเปิดเล็กๆ แต่วันนี้ตอนขับถ่าย มีเลือดไหลออกมาเยอะมากเลย อาจจะแผลปริหรือครับ หรือมีอะไรแทรกซ้อนที่ร้ายแรงกว่านั้นไหมครับ เลือดไม่ได้ออกเป็นหยด แต่ออกเป็นเลือดสดๆเลย | Answers: ถ้าแผลผ่าตัดแยก ควรไปรพ.เพื่อประเมินแผลครับ แต่ถ้าเลือดออกเล็กน้อยแต่หยุดเอง ตรงแผลสมานกันสนิทดี ส่วนใหญ่จะหายได้เองครับ | Symptom: หูดหงอนไก่ (Condyloma accuminata) | Key1: ก้อนบริเวณทวารหนัก | Key2: หูดหงอนไก่ | Key3:  | Doctor: นราวิชญ์ จันทวรรณ
ทานยาแก้อักเสบแบบแรงมาแล้ว 2 สัปดาห์ อาการไม่ดีขึ้น หมอให้ Dexamethasone 3 วัน และ Symbicort Forte Turbuhaler มาสูด และ Ropect มากดไอตอนกลางคืน ตอนนี้ยาหมด แล้ว ต้องทานอะไรต่อไปครับ?? เรื้อรังมา 3 เข้าสัปดาห์ที่ 4 แล้ว,ไอ,คอแดง,คันคอ,หลอดลมอักเสบ (Acute Bronchitis),ยาที่ได้มาค่อนข้างเป็นยาแรงแล้วนะครับ ตอนนี้สิ่งที่สำคัญมากกว่าควรหาสาเหตุที่ทำให้ยังไม่หายมากกว่าเพื่อจะได้รักษาตรงที่สาเหตุมากกว่า โดยการปรึกษากับแพทย์เฉพาะทางด้านปอด ส่วนอาการที่ยังเป็นอยู่แนะนำว่าอาจจะต้องทานยากดไอต่อไปก่อนครับ,นราวิชญ์ จันทวรรณ,Question: ทานยาแก้อักเสบแบบแรงมาแล้ว 2 สัปดาห์ อาการไม่ดีขึ้น หมอให้ Dexamethasone 3 วัน และ Symbicort Forte Turbuhaler มาสูด และ Ropect มากดไอตอนกลางคืน ตอนนี้ยาหมด แล้ว ต้องทานอะไรต่อไปครับ?? เรื้อรังมา 3 เข้าสัปดาห์ที่ 4 แล้ว | Answers: ยาที่ได้มาค่อนข้างเป็นยาแรงแล้วนะครับ ตอนนี้สิ่งที่สำคัญมากกว่าควรหาสาเหตุที่ทำให้ยังไม่หายมากกว่าเพื่อจะได้รักษาตรงที่สาเหตุมากกว่า โดยการปรึกษากับแพทย์เฉพาะทางด้านปอด ส่วนอาการที่ยังเป็นอยู่แนะนำว่าอาจจะต้องทานยากดไอต่อไปก่อนครับ | Symptom: หลอดลมอักเสบ (Acute Bronchitis) | Key1: ไอ | Key2: คอแดง | Key3: คันคอ | Doctor: นราวิชญ์ จันทวรรณ
มีอาการผื่นขึ้นที่ไหล่ทั้ง2 ข้าง ลักษณะคล้ายสิวไม่มีหัว บีบไม่ออก เกิดหลังจากใช้ยาหม่องนวด จาก5-6เม็ด เริ่มลุกลามเป็น10-20เม็ด เฉพาะบริเวณที่ถูกนวดครับ,ผื่นผิวหนังอักเสบจากการแพ้,,,ผื่นผิวหนังอักเสบจากการแพ้ (Allergic dermatitis),สวัสดีครับ ลักษณะผื่นตุ่มแดงที่ขึ้นบริเวณที่สัมผัสกับยาหม่อง น่าจะเกิดจากการอักเสบแพ้ของผิวหนัง การรักษาจะเป็นการใช้ยาทาที่ผื่น เช่น 0.1% triamcinolone cream ทาผื่นเข้าเย็น จนกว่าผื่นจะหาย อย่างไรก็ตาม หากอาการไม่ดีขึ้นหลังทายา แนะนำให้ไปตรวจเพิ่มเติมที่คลินิกหรือโรงพยาบาลเพื่อให้หมอตรวจร่างกายและวินิจฉัยหาสาเหตุอื่นๆต่อไปครับ,ปภพ ชัยวัฒโนดม,Question: มีอาการผื่นขึ้นที่ไหล่ทั้ง2 ข้าง ลักษณะคล้ายสิวไม่มีหัว บีบไม่ออก เกิดหลังจากใช้ยาหม่องนวด จาก5-6เม็ด เริ่มลุกลามเป็น10-20เม็ด เฉพาะบริเวณที่ถูกนวดครับ | Answers: สวัสดีครับ ลักษณะผื่นตุ่มแดงที่ขึ้นบริเวณที่สัมผัสกับยาหม่อง น่าจะเกิดจากการอักเสบแพ้ของผิวหนัง การรักษาจะเป็นการใช้ยาทาที่ผื่น เช่น 0.1% triamcinolone cream ทาผื่นเข้าเย็น จนกว่าผื่นจะหาย อย่างไรก็ตาม หากอาการไม่ดีขึ้นหลังทายา แนะนำให้ไปตรวจเพิ่มเติมที่คลินิกหรือโรงพยาบาลเพื่อให้หมอตรวจร่างกายและวินิจฉัยหาสาเหตุอื่นๆต่อไปครับ | Symptom: ผื่นผิวหนังอักเสบจากการแพ้ (Allergic dermatitis) | Key1: ผื่นผิวหนังอักเสบจากการแพ้ | Key2:  | Key3:  | Doctor: ปภพ ชัยวัฒโนดม
สวัสดีค่ะ ตอนนี้ปวดตามาก เป็นมาตั้งแต่วันที่24 หาหมอในวันที่26 หมอจักษุบอกว่าเป็นโรคภูมิแพ้ขึ้นตา อาการมีคือการปวดตาตอนเล่นโทรศัพท์ หรือเจอแสงจ้าจะปวดมาก ต้องพักสายตานาน ตอนนี้หยอดตาอยู่ที่หมอให้มา แต่ทำมา3วันแล้วยังคงปวดอยู่ อยากทราบว่าอาการที่จะหายได้ไหมคะ หายประมาณกี่วันคะ หรือว่ามันจะสามารถดีขึ้นได้ไหม ก่อนหน้าที่จะปวดขนาดนี้ เคยปวดนิดหน่อยตอนเล่นโทรศัพท์ในที่มืด แต่ว่านอนพักก็หาย แต่ครั้งนี้นอนพักก็ยังไม่หายค่ะ ขอบคุณมากๆค่ะ,ปวดลูกตา,ปวดเปลือกตา,ปวดเบ้าตา,ปวดกระบอกตาไม่ทราบสาเหตุ (Ocular pain unspecified),สวัสดีครับ การมองโทรศัพท์ในที่มืดนานๆจะทำให้เกิดปัญหาตาแห้ง และกระจกตาอักเสบได้ การรักษาหลักจะเป็นการใช้ยาหยอดตาาตามที่จักษุแพทย์แนะนำครับ ร่วมกับการปรับพฤติกรรมการใช้ดวงตา คือ กระพริบตาให้บ่อยเมื่ออยู่หน้าจอเพื่อป้องกันตาแห้ง และหากมีอาการตาแห้งควรใช้น้ำตาเทียมหยอดตา เพื่อลดการระคายเคืองตา นอกจากนั้นเวลาต้องทำงานหน้าคอมหรือโทรศัพท์ควรพักสายตาเป็นระยะทุก 20-30 นาที หากจำเป็นต้องอยู่หน้าจอนานควรใช้แผ่นกรองแสงจากหน้าจอหรือใส่แว่นกรองแสง และปรับแสงหน้าจอให้พอเหมาะไม่สว่างเกินไป และไม่ควรทำงานในที่มืดจัด ควรวางจอให้อยู่ในระยะพอเหมาะที่ตามองสบายไม่ต้องเพ่งโดยเฉลี่ยระยะจากตาถึงจอควรมีระยะ45-50 ซม. อาการระคายเคืองตาจะค่อยๆดีขึ้นใน 1 สัปดาห์ หากอาการไม่ดีขึ้นหรือแย่ลง แนะนำให้กลับไปปรึกษาจักษุแพทย์อีกครั้ง เพื่อทำการตรวจเพิ่มเติมต่อไปครับ,ปภพ ชัยวัฒโนดม,Question: สวัสดีค่ะ ตอนนี้ปวดตามาก เป็นมาตั้งแต่วันที่24 หาหมอในวันที่26 หมอจักษุบอกว่าเป็นโรคภูมิแพ้ขึ้นตา อาการมีคือการปวดตาตอนเล่นโทรศัพท์ หรือเจอแสงจ้าจะปวดมาก ต้องพักสายตานาน ตอนนี้หยอดตาอยู่ที่หมอให้มา แต่ทำมา3วันแล้วยังคงปวดอยู่ อยากทราบว่าอาการที่จะหายได้ไหมคะ หายประมาณกี่วันคะ หรือว่ามันจะสามารถดีขึ้นได้ไหม ก่อนหน้าที่จะปวดขนาดนี้ เคยปวดนิดหน่อยตอนเล่นโทรศัพท์ในที่มืด แต่ว่านอนพักก็หาย แต่ครั้งนี้นอนพักก็ยังไม่หายค่ะ ขอบคุณมากๆค่ะ | Answers: สวัสดีครับ การมองโทรศัพท์ในที่มืดนานๆจะทำให้เกิดปัญหาตาแห้ง และกระจกตาอักเสบได้ การรักษาหลักจะเป็นการใช้ยาหยอดตาาตามที่จักษุแพทย์แนะนำครับ ร่วมกับการปรับพฤติกรรมการใช้ดวงตา คือ กระพริบตาให้บ่อยเมื่ออยู่หน้าจอเพื่อป้องกันตาแห้ง และหากมีอาการตาแห้งควรใช้น้ำตาเทียมหยอดตา เพื่อลดการระคายเคืองตา นอกจากนั้นเวลาต้องทำงานหน้าคอมหรือโทรศัพท์ควรพักสายตาเป็นระยะทุก 20-30 นาที หากจำเป็นต้องอยู่หน้าจอนานควรใช้แผ่นกรองแสงจากหน้าจอหรือใส่แว่นกรองแสง และปรับแสงหน้าจอให้พอเหมาะไม่สว่างเกินไป และไม่ควรทำงานในที่มืดจัด ควรวางจอให้อยู่ในระยะพอเหมาะที่ตามองสบายไม่ต้องเพ่งโดยเฉลี่ยระยะจากตาถึงจอควรมีระยะ45-50 ซม. อาการระคายเคืองตาจะค่อยๆดีขึ้นใน 1 สัปดาห์ หากอาการไม่ดีขึ้นหรือแย่ลง แนะนำให้กลับไปปรึกษาจักษุแพทย์อีกครั้ง เพื่อทำการตรวจเพิ่มเติมต่อไปครับ | Symptom: ปวดกระบอกตาไม่ทราบสาเหตุ (Ocular pain unspecified) | Key1: ปวดลูกตา | Key2: ปวดเปลือกตา | Key3: ปวดเบ้าตา | Doctor: ปภพ ชัยวัฒโนดม
เจ็บเวลาปัสสาวะทั้งตอนปัสสาวะและเสร็จ มีน้ำไหลออกจากท่อเป็นสีเขียวขุ่น มีกลิ่นบางๆ ไหลตลอดทั้งวัน ไม่มีอาการเจ็บท้อง หรือปวดอัณฑะ,ปัสสาวะแสบขัด,เจ็บเวลาปัสสาวะ,กระเพาะปัสสาวะอักเสบ,กระเพาะปัสสาวะอักเสบ (Cystitis),สวัสดีครับ จากอาการที่แจ้ง เข้าได้กับโรคหนองใน หรือหนองในเทียมมากที่สุด การรักษาหลักจะเป็นการใช้ยาฆ่าเชื้อแบบฉีดเข้ากล้ามเนื้อ คือ Ceftriaxone หรือยาทาน Azithromycin 1 g ก็ได้ ร่วมกับทานยา Doxycycline นาน7วัน อย่างไรก็ตาม โรคนี้เป็นโรคติดต่อทางเพศสัมพันธ์ หมอแนะนำให้ไปตรวจเลือดหาโรคติดต่อทางเพศสัมพันธ์อื่นๆด้วย สามารถไปตรวจที่โรงพยาบาลหรือคลินิกนิรนามก็ได้ครับ,ปภพ ชัยวัฒโนดม,Question: เจ็บเวลาปัสสาวะทั้งตอนปัสสาวะและเสร็จ มีน้ำไหลออกจากท่อเป็นสีเขียวขุ่น มีกลิ่นบางๆ ไหลตลอดทั้งวัน ไม่มีอาการเจ็บท้อง หรือปวดอัณฑะ | Answers: สวัสดีครับ จากอาการที่แจ้ง เข้าได้กับโรคหนองใน หรือหนองในเทียมมากที่สุด การรักษาหลักจะเป็นการใช้ยาฆ่าเชื้อแบบฉีดเข้ากล้ามเนื้อ คือ Ceftriaxone หรือยาทาน Azithromycin 1 g ก็ได้ ร่วมกับทานยา Doxycycline นาน7วัน อย่างไรก็ตาม โรคนี้เป็นโรคติดต่อทางเพศสัมพันธ์ หมอแนะนำให้ไปตรวจเลือดหาโรคติดต่อทางเพศสัมพันธ์อื่นๆด้วย สามารถไปตรวจที่โรงพยาบาลหรือคลินิกนิรนามก็ได้ครับ | Symptom: กระเพาะปัสสาวะอักเสบ (Cystitis) | Key1: ปัสสาวะแสบขัด | Key2: เจ็บเวลาปัสสาวะ | Key3: กระเพาะปัสสาวะอักเสบ | Doctor: ปภพ ชัยวัฒโนดม
